Position,Name + ID,Name,ID,Roster Position,Salary,Game Info,TeamAbbrev,AvgPointsPerGame
SP,Tarik Skubal (39000920),Tarik Skubal,39000920,P,11300,DET@KC 05/31/2025 04:10PM ET,DET,26.26
RP,Hunter Brown (39001345),Hunter Brown,39001345,P,11000,TB@HOU 05/31/2025 04:10PM ET,HOU,24.87
RP,Garrett Crochet (39001346),Garrett Crochet,39001346,P,10700,BOS@ATL 05/31/2025 04:10PM ET,BOS,23.40
SP,Zack Wheeler (39001347),Zack Wheeler,39001347,P,10400,MIL@PHI 05/31/2025 04:05PM ET,PHI,24.15
SP,Jesus Luzardo (39000921),Jesus Luzardo,39000921,P,10000,MIL@PHI 05/31/2025 04:05PM ET,PHI,22.25
SP,Ranger Suarez (39001348),Ranger Suarez,39001348,P,9500,MIL@PHI 05/31/2025 04:05PM ET,PHI,20.93
RP,Framber Valdez (39001349),Framber Valdez,39001349,P,9500,TB@HOU 05/31/2025 04:10PM ET,HOU,20.08
SP,Chris Sale (39001350),Chris Sale,39001350,P,9400,BOS@ATL 05/31/2025 04:10PM ET,ATL,19.69
RP,Spencer Strider (39001352),Spencer Strider,39001352,P,9200,BOS@ATL 05/31/2025 04:10PM ET,ATL,11.43
SP,Tylor Megill (39001351),Tylor Megill,39001351,P,9200,COL@NYM 05/31/2025 04:10PM ET,NYM,17.50
SP,Sean Manaea (39001353),Sean Manaea,39001353,P,9200,COL@NYM 05/31/2025 04:10PM ET,NYM,0
SP,Logan Webb (39001354),Logan Webb,39001354,P,9200,SF@MIA 05/31/2025 04:10PM ET,SF,21.13
SP,Spencer Schwellenbach (39000922),Spencer Schwellenbach,39000922,P,9100,BOS@ATL 05/31/2025 04:10PM ET,ATL,16.98
RP,Clay Holmes (39001355),Clay Holmes,39001355,P,9100,COL@NYM 05/31/2025 04:10PM ET,NYM,16.45
SP,Frankie Montas (39001356),Frankie Montas,39001356,P,9100,COL@NYM 05/31/2025 04:10PM ET,NYM,0
SP,Griffin Canning (39001358),Griffin Canning,39001358,P,9100,COL@NYM 05/31/2025 04:10PM ET,NYM,14.26
SP,David Peterson (39001359),David Peterson,39001359,P,9100,COL@NYM 05/31/2025 04:10PM ET,NYM,17.17
SP,Freddy Peralta (39001357),Freddy Peralta,39001357,P,9100,MIL@PHI 05/31/2025 04:05PM ET,MIL,17.57
SP,Logan Henderson (39001360),Logan Henderson,39001360,P,9000,MIL@PHI 05/31/2025 04:05PM ET,MIL,24.31
SP,Robbie Ray (39000923),Robbie Ray,39000923,P,9000,SF@MIA 05/31/2025 04:10PM ET,SF,20.79
SP,Kodai Senga (39000924),Kodai Senga,39000924,P,8900,COL@NYM 05/31/2025 04:10PM ET,NYM,18.92
SP,Brandon Woodruff (39001361),Brandon Woodruff,39001361,P,8900,MIL@PHI 05/31/2025 04:05PM ET,MIL,0
RP,Jose Quintana (39001362),Jose Quintana,39001362,P,8900,MIL@PHI 05/31/2025 04:05PM ET,MIL,15.88
SP,Jacob deGrom (39001364),Jacob deGrom,39001364,P,8800,STL@TEX 05/31/2025 04:05PM ET,TEX,19.21
SP,Cristian Javier (39001363),Cristian Javier,39001363,P,8800,TB@HOU 05/31/2025 04:10PM ET,HOU,0
RP,Cody Bradford (39001366),Cody Bradford,39001366,P,8700,STL@TEX 05/31/2025 04:05PM ET,TEX,0
SP,Jack Flaherty (39001365),Jack Flaherty,39001365,P,8700,DET@KC 05/31/2025 04:10PM ET,DET,17.88
SP,Nathan Eovaldi (39001368),Nathan Eovaldi,39001368,P,8600,STL@TEX 05/31/2025 04:05PM ET,TEX,21.92
SP,Cristopher Sanchez (39001367),Cristopher Sanchez,39001367,P,8600,MIL@PHI 05/31/2025 04:05PM ET,PHI,18.15
SP,Reese Olson (39001369),Reese Olson,39001369,P,8600,DET@KC 05/31/2025 04:10PM ET,DET,17.66
RP,AJ Smith-Shawver (39001374),AJ Smith-Shawver,39001374,P,8500,BOS@ATL 05/31/2025 04:10PM ET,ATL,13.26
SP,Tyler Mahle (39001370),Tyler Mahle,39001370,P,8500,STL@TEX 05/31/2025 04:05PM ET,TEX,16.59
SP,Steven Matz (39001372),Steven Matz,39001372,P,8500,STL@TEX 05/31/2025 04:05PM ET,STL,7.14
RP,Matthew Liberatore (39001373),Matthew Liberatore,39001373,P,8500,STL@TEX 05/31/2025 04:05PM ET,STL,16.61
RP,Carlos Hernandez (39001375),Carlos Hernandez,39001375,P,8500,MIL@PHI 05/31/2025 04:05PM ET,PHI,1.50
SP,Joe Ross (39001376),Joe Ross,39001376,P,8500,MIL@PHI 05/31/2025 04:05PM ET,PHI,3.00
SP,Casey Mize (39001371),Casey Mize,39001371,P,8500,DET@KC 05/31/2025 04:10PM ET,DET,17.99
SP,Shane Bieber (39001382),Shane Bieber,39001382,P,8400,LAA@CLE 05/31/2025 04:10PM ET,CLE,0
SP,Aaron Nola (39001377),Aaron Nola,39001377,P,8400,MIL@PHI 05/31/2025 04:05PM ET,PHI,11.66
SP,Taijuan Walker (39001379),Taijuan Walker,39001379,P,8400,MIL@PHI 05/31/2025 04:05PM ET,PHI,11.29
SP,Seth Johnson (39001380),Seth Johnson,39001380,P,8400,MIL@PHI 05/31/2025 04:05PM ET,PHI,0
SP,Mick Abel (39001381),Mick Abel,39001381,P,8400,MIL@PHI 05/31/2025 04:05PM ET,PHI,32.5
SP,Spencer Arrighetti (39001378),Spencer Arrighetti,39001378,P,8400,TB@HOU 05/31/2025 04:10PM ET,HOU,11.88
RP,Enyel De Los Santos (39001383),Enyel De Los Santos,39001383,P,8300,BOS@ATL 05/31/2025 04:10PM ET,ATL,3.10
SP,Dylan Dodd (39001384),Dylan Dodd,39001384,P,8300,BOS@ATL 05/31/2025 04:10PM ET,ATL,2.58
SP,Chad Kuhl (39001385),Chad Kuhl,39001385,P,8300,BOS@ATL 05/31/2025 04:10PM ET,ATL,0
RP,Davis Daniel (39001386),Davis Daniel,39001386,P,8300,BOS@ATL 05/31/2025 04:10PM ET,ATL,3.65
SP,Bryce Elder (39001387),Bryce Elder,39001387,P,8300,BOS@ATL 05/31/2025 04:10PM ET,ATL,11.92
RP,Reynaldo Lopez (39001388),Reynaldo Lopez,39001388,P,8300,BOS@ATL 05/31/2025 04:10PM ET,ATL,0.65
RP,Grant Holmes (39001389),Grant Holmes,39001389,P,8300,BOS@ATL 05/31/2025 04:10PM ET,ATL,15.38
SP,Hurston Waldrep (39001390),Hurston Waldrep,39001390,P,8300,BOS@ATL 05/31/2025 04:10PM ET,ATL,0
SP,Slade Cecconi (39000925),Slade Cecconi,39000925,P,8300,LAA@CLE 05/31/2025 04:10PM ET,CLE,20.78
RP,Jose Butto (39001391),Jose Butto,39001391,P,8300,COL@NYM 05/31/2025 04:10PM ET,NYM,3.57
SP,Max Kranick (39001392),Max Kranick,39001392,P,8300,COL@NYM 05/31/2025 04:10PM ET,NYM,4.01
RP,Austin Warren (39001393),Austin Warren,39001393,P,8300,COL@NYM 05/31/2025 04:10PM ET,NYM,3.65
SP,Tanner Bibee (39001400),Tanner Bibee,39001400,P,8200,LAA@CLE 05/31/2025 04:10PM ET,CLE,14.10
SP,Christian Scott (39001394),Christian Scott,39001394,P,8200,COL@NYM 05/31/2025 04:10PM ET,NYM,0
RP,Brandon Waddell (39001395),Brandon Waddell,39001395,P,8200,COL@NYM 05/31/2025 04:10PM ET,NYM,10.2
SP,Paul Blackburn (39001396),Paul Blackburn,39001396,P,8200,COL@NYM 05/31/2025 04:10PM ET,NYM,0
SP,Blade Tidwell (39001397),Blade Tidwell,39001397,P,8200,COL@NYM 05/31/2025 04:10PM ET,NYM,-7.55
SP,Ronel Blanco (39001398),Ronel Blanco,39001398,P,8200,TB@HOU 05/31/2025 04:10PM ET,HOU,15.46
SP,Shane McClanahan (39001399),Shane McClanahan,39001399,P,8200,TB@HOU 05/31/2025 04:10PM ET,TB,0
SP,Gavin Williams (39001403),Gavin Williams,39001403,P,8100,LAA@CLE 05/31/2025 04:10PM ET,CLE,14.06
RP,Justin Hagenman (39001401),Justin Hagenman,39001401,P,8100,COL@NYM 05/31/2025 04:10PM ET,NYM,11.7
SP,Robert Gasser (39001402),Robert Gasser,39001402,P,8100,MIL@PHI 05/31/2025 04:05PM ET,MIL,0
SP,Sonny Gray (39000926),Sonny Gray,39000926,P,8000,STL@TEX 05/31/2025 04:05PM ET,STL,17.37
RP,Nestor Cortes (39001406),Nestor Cortes,39001406,P,8000,MIL@PHI 05/31/2025 04:05PM ET,MIL,6.8
RP,Tyler Alexander (39001407),Tyler Alexander,39001407,P,8000,MIL@PHI 05/31/2025 04:05PM ET,MIL,4.08
RP,Jared Koenig (39001408),Jared Koenig,39001408,P,8000,MIL@PHI 05/31/2025 04:05PM ET,MIL,2.66
SP,DL Hall (39001409),DL Hall,39001409,P,8000,MIL@PHI 05/31/2025 04:05PM ET,MIL,10.5
SP,Elvin Rodriguez (39001410),Elvin Rodriguez,39001410,P,8000,MIL@PHI 05/31/2025 04:05PM ET,MIL,3.57
SP,Connor Thomas (39001411),Connor Thomas,39001411,P,8000,MIL@PHI 05/31/2025 04:05PM ET,MIL,-5.5
SP,Aaron Civale (39001413),Aaron Civale,39001413,P,8000,MIL@PHI 05/31/2025 04:05PM ET,MIL,6.47
SP,Tobias Myers (39001414),Tobias Myers,39001414,P,8000,MIL@PHI 05/31/2025 04:05PM ET,MIL,5.8
SP,Brandon Walter (39001404),Brandon Walter,39001404,P,8000,TB@HOU 05/31/2025 04:10PM ET,HOU,18.85
SP,Cole Ragans (39001405),Cole Ragans,39001405,P,8000,DET@KC 05/31/2025 04:10PM ET,KC,19.46
SP,Kris Bubic (39001412),Kris Bubic,39001412,P,8000,DET@KC 05/31/2025 04:10PM ET,KC,22.41
RP,Jose Soriano (39001419),Jose Soriano,39001419,P,7900,LAA@CLE 05/31/2025 04:10PM ET,LAA,12.79
RP,Aaron Ashby (39001415),Aaron Ashby,39001415,P,7900,MIL@PHI 05/31/2025 04:05PM ET,MIL,6.48
SP,Quinn Priester (39001417),Quinn Priester,39001417,P,7900,MIL@PHI 05/31/2025 04:05PM ET,MIL,9.92
SP,Carlos Rodriguez (39001420),Carlos Rodriguez,39001420,P,7900,MIL@PHI 05/31/2025 04:05PM ET,MIL,4.1
RP,Seth Lugo (39001416),Seth Lugo,39001416,P,7900,DET@KC 05/31/2025 04:10PM ET,KC,14.9
SP,Noah Cameron (39001418),Noah Cameron,39001418,P,7900,DET@KC 05/31/2025 04:10PM ET,KC,19.79
SP,Chad Patrick (39000927),Chad Patrick,39000927,P,7800,MIL@PHI 05/31/2025 04:05PM ET,MIL,13.06
SP,Caden Dana (39001421),Caden Dana,39001421,P,7700,LAA@CLE 05/31/2025 04:10PM ET,LAA,4.15
SP,Yusei Kikuchi (39001422),Yusei Kikuchi,39001422,P,7700,LAA@CLE 05/31/2025 04:10PM ET,LAA,13.51
SP,Sam Aldegheri (39001423),Sam Aldegheri,39001423,P,7700,LAA@CLE 05/31/2025 04:10PM ET,LAA,0
SP,Tyler Anderson (39001424),Tyler Anderson,39001424,P,7700,LAA@CLE 05/31/2025 04:10PM ET,LAA,13.24
SP,Walker Buehler (39000928),Walker Buehler,39000928,P,7600,BOS@ATL 05/31/2025 04:10PM ET,BOS,14.06
SP,Jack Kochanowicz (39001425),Jack Kochanowicz,39001425,P,7600,LAA@CLE 05/31/2025 04:10PM ET,LAA,9.34
SP,Chase Silseth (39001427),Chase Silseth,39001427,P,7600,LAA@CLE 05/31/2025 04:10PM ET,LAA,0
SP,Reid Detmers (39001429),Reid Detmers,39001429,P,7600,LAA@CLE 05/31/2025 04:10PM ET,LAA,2.62
RP,Garrett McDaniels (39001430),Garrett McDaniels,39001430,P,7600,LAA@CLE 05/31/2025 04:10PM ET,LAA,0.88
SP,Lance McCullers Jr. (39001428),Lance McCullers Jr.,39001428,P,7600,TB@HOU 05/31/2025 04:10PM ET,HOU,9.77
SP,AJ Blubaugh (39001431),AJ Blubaugh,39001431,P,7600,TB@HOU 05/31/2025 04:10PM ET,HOU,13.4
SP,Luis Garcia (39001432),Luis Garcia,39001432,P,7600,TB@HOU 05/31/2025 04:10PM ET,HOU,0
RP,Forrest Whitley (39001433),Forrest Whitley,39001433,P,7600,TB@HOU 05/31/2025 04:10PM ET,HOU,1.5
RP,Jackson Jobe (39001426),Jackson Jobe,39001426,P,7600,DET@KC 05/31/2025 04:10PM ET,DET,11.32
RP,Hayden Wesneski (39001434),Hayden Wesneski,39001434,P,7500,TB@HOU 05/31/2025 04:10PM ET,HOU,13.4
SP,J.P. France (39001435),J.P. France,39001435,P,7500,TB@HOU 05/31/2025 04:10PM ET,HOU,0
SP,Blair Henley (39001436),Blair Henley,39001436,P,7500,TB@HOU 05/31/2025 04:10PM ET,HOU,0
SP,Ryan Gusto (39001437),Ryan Gusto,39001437,P,7500,TB@HOU 05/31/2025 04:10PM ET,HOU,8.20
SP,Kyle Hendricks (39000929),Kyle Hendricks,39000929,P,7400,LAA@CLE 05/31/2025 04:10PM ET,LAA,9
RP,Shawn Dubin (39001438),Shawn Dubin,39001438,P,7400,TB@HOU 05/31/2025 04:10PM ET,HOU,5.72
SP,Keaton Winn (39001439),Keaton Winn,39001439,P,7400,SF@MIA 05/31/2025 04:10PM ET,SF,0
SP,Logan Allen (39001453),Logan Allen,39001453,P,7300,LAA@CLE 05/31/2025 04:10PM ET,CLE,9.46
SP,Taj Bradley (39001441),Taj Bradley,39001441,P,7300,TB@HOU 05/31/2025 04:10PM ET,TB,14.08
SP,Drew Rasmussen (39001443),Drew Rasmussen,39001443,P,7300,TB@HOU 05/31/2025 04:10PM ET,TB,16.21
SP,Ian Seymour (39001448),Ian Seymour,39001448,P,7300,TB@HOU 05/31/2025 04:10PM ET,TB,0
RP,Mason Englert (39001449),Mason Englert,39001449,P,7300,TB@HOU 05/31/2025 04:10PM ET,TB,3.24
SP,Joe Boyle (39001450),Joe Boyle,39001450,P,7300,TB@HOU 05/31/2025 04:10PM ET,TB,27.45
SP,Jason Alexander (39001454),Jason Alexander,39001454,P,7300,TB@HOU 05/31/2025 04:10PM ET,HOU,-2.68
RP,Ryan Weathers (39001440),Ryan Weathers,39001440,P,7300,SF@MIA 05/31/2025 04:10PM ET,MIA,18.95
SP,Justin Verlander (39001442),Justin Verlander,39001442,P,7300,SF@MIA 05/31/2025 04:10PM ET,SF,10.2
SP,Carson Ragsdale (39001444),Carson Ragsdale,39001444,P,7300,SF@MIA 05/31/2025 04:10PM ET,SF,0
RP,Spencer Bivens (39001445),Spencer Bivens,39001445,P,7300,SF@MIA 05/31/2025 04:10PM ET,SF,3.68
RP,Jordan Hicks (39001446),Jordan Hicks,39001446,P,7300,SF@MIA 05/31/2025 04:10PM ET,SF,6.93
RP,Tristan Beck (39001447),Tristan Beck,39001447,P,7300,SF@MIA 05/31/2025 04:10PM ET,SF,6.78
RP,Landen Roupp (39001451),Landen Roupp,39001451,P,7300,SF@MIA 05/31/2025 04:10PM ET,SF,14.07
SP,Max Meyer (39001452),Max Meyer,39001452,P,7300,SF@MIA 05/31/2025 04:10PM ET,MIA,14.71
RP,Ben Lively (39001457),Ben Lively,39001457,P,7200,LAA@CLE 05/31/2025 04:10PM ET,CLE,11.41
SP,Kolby Allard (39001462),Kolby Allard,39001462,P,7200,LAA@CLE 05/31/2025 04:10PM ET,CLE,6.79
SP,Colton Gordon (39000930),Colton Gordon,39000930,P,7200,TB@HOU 05/31/2025 04:10PM ET,HOU,9.93
RP,Alex Faedo (39001458),Alex Faedo,39001458,P,7200,TB@HOU 05/31/2025 04:10PM ET,TB,0
SP,Ryan Pepiot (39001459),Ryan Pepiot,39001459,P,7200,TB@HOU 05/31/2025 04:10PM ET,TB,15.19
SP,Shane Baz (39001461),Shane Baz,39001461,P,7200,TB@HOU 05/31/2025 04:10PM ET,TB,13.10
RP,Jacob Waguespack (39001463),Jacob Waguespack,39001463,P,7200,TB@HOU 05/31/2025 04:10PM ET,TB,0
SP,Kyle Harrison (39001455),Kyle Harrison,39001455,P,7200,SF@MIA 05/31/2025 04:10PM ET,SF,8.64
SP,Hayden Birdsong (39001456),Hayden Birdsong,39001456,P,7200,SF@MIA 05/31/2025 04:10PM ET,SF,8.24
RP,Mason Black (39001460),Mason Black,39001460,P,7200,SF@MIA 05/31/2025 04:10PM ET,SF,0
SP,Edward Cabrera (39000931),Edward Cabrera,39000931,P,7100,SF@MIA 05/31/2025 04:10PM ET,MIA,12.98
RP,Zack Littell (39000932),Zack Littell,39000932,P,7000,TB@HOU 05/31/2025 04:10PM ET,TB,13.27
SP,Michael Lorenzen (39001464),Michael Lorenzen,39001464,P,7000,DET@KC 05/31/2025 04:10PM ET,KC,12.99
SP,Cody Poteet (39001466),Cody Poteet,39001466,P,6900,CWS@BAL 05/31/2025 04:05PM ET,BAL,-6.8
RP,Albert Suarez (39001467),Albert Suarez,39001467,P,6900,CWS@BAL 05/31/2025 04:05PM ET,BAL,5
RP,Keegan Akin (39001468),Keegan Akin,39001468,P,6900,CWS@BAL 05/31/2025 04:05PM ET,BAL,2.96
RP,Matt Bowman (39001469),Matt Bowman,39001469,P,6900,CWS@BAL 05/31/2025 04:05PM ET,BAL,1.96
SP,Kyle Bradish (39001470),Kyle Bradish,39001470,P,6900,CWS@BAL 05/31/2025 04:05PM ET,BAL,0
SP,Grayson Rodriguez (39001471),Grayson Rodriguez,39001471,P,6900,CWS@BAL 05/31/2025 04:05PM ET,BAL,0
SP,Tyler Wells (39001472),Tyler Wells,39001472,P,6900,CWS@BAL 05/31/2025 04:05PM ET,BAL,0
SP,Brandon Young (39001473),Brandon Young,39001473,P,6900,CWS@BAL 05/31/2025 04:05PM ET,BAL,7.05
SP,Jack Leiter (39001465),Jack Leiter,39001465,P,6900,STL@TEX 05/31/2025 04:05PM ET,TEX,13.36
SP,Cade Povich (39001477),Cade Povich,39001477,P,6800,CWS@BAL 05/31/2025 04:05PM ET,BAL,11.14
SP,Trevor Rogers (39001478),Trevor Rogers,39001478,P,6800,CWS@BAL 05/31/2025 04:05PM ET,BAL,22.45
SP,Chayce McDermott (39001479),Chayce McDermott,39001479,P,6800,CWS@BAL 05/31/2025 04:05PM ET,BAL,3.52
SP,Zach Eflin (39001480),Zach Eflin,39001480,P,6800,CWS@BAL 05/31/2025 04:05PM ET,BAL,12.45
SP,Charlie Morton (39001481),Charlie Morton,39001481,P,6800,CWS@BAL 05/31/2025 04:05PM ET,BAL,5.94
SP,Luis F. Castillo (39001482),Luis F. Castillo,39001482,P,6800,CWS@BAL 05/31/2025 04:05PM ET,BAL,1.18
SP,Tomoyuki Sugano (39001483),Tomoyuki Sugano,39001483,P,6800,CWS@BAL 05/31/2025 04:05PM ET,BAL,12.91
SP,Jon Gray (39001474),Jon Gray,39001474,P,6800,STL@TEX 05/31/2025 04:05PM ET,TEX,0
SP,David Buchanan (39001475),David Buchanan,39001475,P,6800,STL@TEX 05/31/2025 04:05PM ET,TEX,0
RP,Cole Winn (39001476),Cole Winn,39001476,P,6800,STL@TEX 05/31/2025 04:05PM ET,TEX,4.25
SP,Kumar Rocker (39001484),Kumar Rocker,39001484,P,6800,STL@TEX 05/31/2025 04:05PM ET,TEX,4.68
SP,Michael Wacha (39000933),Michael Wacha,39000933,P,6800,DET@KC 05/31/2025 04:10PM ET,KC,13.40
SP,Sawyer Gipson-Long (39001485),Sawyer Gipson-Long,39001485,P,6800,DET@KC 05/31/2025 04:10PM ET,DET,0
SP,Jose Urquidy (39001486),Jose Urquidy,39001486,P,6800,DET@KC 05/31/2025 04:10PM ET,DET,0
RP,Brant Hurter (39001487),Brant Hurter,39001487,P,6800,DET@KC 05/31/2025 04:10PM ET,DET,6.12
RP,John Brebbia (39001488),John Brebbia,39001488,P,6800,DET@KC 05/31/2025 04:10PM ET,DET,2.39
SP,Ty Madden (39001489),Ty Madden,39001489,P,6800,DET@KC 05/31/2025 04:10PM ET,DET,0
RP,Shane Smith (39001499),Shane Smith,39001499,P,6700,CWS@BAL 05/31/2025 04:05PM ET,CWS,14.77
RP,Roddery Munoz (39001491),Roddery Munoz,39001491,P,6700,STL@TEX 05/31/2025 04:05PM ET,STL,2.58
RP,Zack Thompson (39001492),Zack Thompson,39001492,P,6700,STL@TEX 05/31/2025 04:05PM ET,STL,0
RP,Gordon Graceffo (39001493),Gordon Graceffo,39001493,P,6700,STL@TEX 05/31/2025 04:05PM ET,STL,3.34
SP,Michael McGreevy (39001494),Michael McGreevy,39001494,P,6700,STL@TEX 05/31/2025 04:05PM ET,STL,24.95
SP,Miles Mikolas (39001496),Miles Mikolas,39001496,P,6700,STL@TEX 05/31/2025 04:05PM ET,STL,10.72
SP,Erick Fedde (39001497),Erick Fedde,39001497,P,6700,STL@TEX 05/31/2025 04:05PM ET,STL,11.95
RP,Andre Pallante (39001498),Andre Pallante,39001498,P,6700,STL@TEX 05/31/2025 04:05PM ET,STL,11.85
SP,Matt Manning (39001490),Matt Manning,39001490,P,6700,DET@KC 05/31/2025 04:10PM ET,DET,0
SP,Keider Montero (39001495),Keider Montero,39001495,P,6700,DET@KC 05/31/2025 04:10PM ET,DET,9.78
SP,Kutter Crawford (39001501),Kutter Crawford,39001501,P,6600,BOS@ATL 05/31/2025 04:10PM ET,BOS,0
SP,Alex Cobb (39001500),Alex Cobb,39001500,P,6600,DET@KC 05/31/2025 04:10PM ET,DET,0
SP,Tanner Houck (39001505),Tanner Houck,39001505,P,6500,BOS@ATL 05/31/2025 04:10PM ET,BOS,4.09
SP,Lucas Giolito (39001508),Lucas Giolito,39001508,P,6500,BOS@ATL 05/31/2025 04:10PM ET,BOS,11.4
SP,Brayan Bello (39001509),Brayan Bello,39001509,P,6500,BOS@ATL 05/31/2025 04:10PM ET,BOS,10.22
SP,Cooper Criswell (39001510),Cooper Criswell,39001510,P,6500,BOS@ATL 05/31/2025 04:10PM ET,BOS,-1.42
RP,Martin Perez (39001503),Martin Perez,39001503,P,6500,CWS@BAL 05/31/2025 04:05PM ET,CWS,13.85
SP,Jonathan Cannon (39001504),Jonathan Cannon,39001504,P,6500,CWS@BAL 05/31/2025 04:05PM ET,CWS,11.72
SP,Adrian Houser (39001506),Adrian Houser,39001506,P,6500,CWS@BAL 05/31/2025 04:05PM ET,CWS,20.8
SP,Doug Nikhazy (39001502),Doug Nikhazy,39001502,P,6500,LAA@CLE 05/31/2025 04:10PM ET,CLE,-5.85
RP,Luis Ortiz (39001507),Luis Ortiz,39001507,P,6500,LAA@CLE 05/31/2025 04:10PM ET,CLE,14.59
SP,Patrick Sandoval (39001511),Patrick Sandoval,39001511,P,6400,BOS@ATL 05/31/2025 04:10PM ET,BOS,0
RP,Richard Fitts (39001512),Richard Fitts,39001512,P,6400,BOS@ATL 05/31/2025 04:10PM ET,BOS,12.3
SP,Hunter Dobbins (39001516),Hunter Dobbins,39001516,P,6400,BOS@ATL 05/31/2025 04:10PM ET,BOS,11.36
SP,Joey Cantillo (39001513),Joey Cantillo,39001513,P,6400,LAA@CLE 05/31/2025 04:10PM ET,CLE,4.40
RP,Matt Festa (39001514),Matt Festa,39001514,P,6400,LAA@CLE 05/31/2025 04:10PM ET,CLE,2.90
SP,Jakob Junis (39001515),Jakob Junis,39001515,P,6400,LAA@CLE 05/31/2025 04:10PM ET,CLE,2.18
SP,Dean Kremer (39000934),Dean Kremer,39000934,P,6300,CWS@BAL 05/31/2025 04:05PM ET,BAL,11.06
SP,John Means (39001517),John Means,39001517,P,6300,LAA@CLE 05/31/2025 04:10PM ET,CLE,0
SP,Ryan Feltner (39001518),Ryan Feltner,39001518,P,6200,COL@NYM 05/31/2025 04:10PM ET,COL,9.88
SP,Chase Dollander (39001519),Chase Dollander,39001519,P,6200,COL@NYM 05/31/2025 04:10PM ET,COL,10.35
SP,Tanner Gordon (39001520),Tanner Gordon,39001520,P,6200,COL@NYM 05/31/2025 04:10PM ET,COL,10.82
1B,Bryce Harper (39000938),Bryce Harper,39000938,1B,6200,MIL@PHI 05/31/2025 04:05PM ET,PHI,8.93
SP,Kyle Wright (39001521),Kyle Wright,39001521,P,6200,DET@KC 05/31/2025 04:10PM ET,KC,0
RP,Ross Stripling (39001522),Ross Stripling,39001522,P,6200,DET@KC 05/31/2025 04:10PM ET,KC,0
RP,Sam Long (39001523),Sam Long,39001523,P,6200,DET@KC 05/31/2025 04:10PM ET,KC,-0.35
RP,James McArthur (39001524),James McArthur,39001524,P,6200,DET@KC 05/31/2025 04:10PM ET,KC,0
SP,Jonathan Bowlan (39001525),Jonathan Bowlan,39001525,P,6200,DET@KC 05/31/2025 04:10PM ET,KC,5.09
RP,Angel Zerpa (39001526),Angel Zerpa,39001526,P,6200,DET@KC 05/31/2025 04:10PM ET,KC,1.62
OF,Ronald Acuna Jr. (39000939),Ronald Acuna Jr.,39000939,OF,6100,BOS@ATL 05/31/2025 04:10PM ET,ATL,9.57
SP,Patrick Corbin (39000935),Patrick Corbin,39000935,P,6100,STL@TEX 05/31/2025 04:05PM ET,TEX,13.13
SP,Alec Marsh (39001527),Alec Marsh,39001527,P,6100,DET@KC 05/31/2025 04:10PM ET,KC,0
SP,Daniel Lynch IV (39001528),Daniel Lynch IV,39001528,P,6100,DET@KC 05/31/2025 04:10PM ET,KC,3.02
3B,Jose Ramirez (39000940),Jose Ramirez,39000940,3B,6000,LAA@CLE 05/31/2025 04:10PM ET,CLE,9.59
SS,Bobby Witt Jr. (39000941),Bobby Witt Jr.,39000941,SS,6000,DET@KC 05/31/2025 04:10PM ET,KC,9.83
SP,Sean Burke (39001529),Sean Burke,39001529,P,5700,CWS@BAL 05/31/2025 04:05PM ET,CWS,10.63
OF,Kyle Schwarber (39000942),Kyle Schwarber,39000942,OF,5700,MIL@PHI 05/31/2025 04:05PM ET,PHI,10.44
SP,Davis Martin (39000936),Davis Martin,39000936,P,5600,CWS@BAL 05/31/2025 04:05PM ET,CWS,11.62
RP,Jesse Scholtens (39001530),Jesse Scholtens,39001530,P,5600,CWS@BAL 05/31/2025 04:05PM ET,CWS,0
SP,Jared Shuster (39001531),Jared Shuster,39001531,P,5600,CWS@BAL 05/31/2025 04:05PM ET,CWS,1.66
RP,Tyler Gilbert (39001532),Tyler Gilbert,39001532,P,5600,CWS@BAL 05/31/2025 04:05PM ET,CWS,3.25
RP,Steven Wilson (39001533),Steven Wilson,39001533,P,5600,CWS@BAL 05/31/2025 04:05PM ET,CWS,2.75
SP,Mike Vasil (39001534),Mike Vasil,39001534,P,5600,CWS@BAL 05/31/2025 04:05PM ET,CWS,5.47
SP,Ky Bush (39001535),Ky Bush,39001535,P,5600,CWS@BAL 05/31/2025 04:05PM ET,CWS,0
SP,Bryse Wilson (39001536),Bryse Wilson,39001536,P,5600,CWS@BAL 05/31/2025 04:05PM ET,CWS,2.62
SP,Drew Thorpe (39001537),Drew Thorpe,39001537,P,5600,CWS@BAL 05/31/2025 04:05PM ET,CWS,0
SP,Nick Nastrini (39001538),Nick Nastrini,39001538,P,5600,CWS@BAL 05/31/2025 04:05PM ET,CWS,0
SS,Zach Neto (39000943),Zach Neto,39000943,SS,5600,LAA@CLE 05/31/2025 04:10PM ET,LAA,9.60
SS,Francisco Lindor (39000944),Francisco Lindor,39000944,SS,5600,COL@NYM 05/31/2025 04:10PM ET,NYM,9.46
SS,Trea Turner (39000945),Trea Turner,39000945,SS,5500,MIL@PHI 05/31/2025 04:05PM ET,PHI,9.18
RP,Connor Gillispie (39001539),Connor Gillispie,39001539,P,5500,SF@MIA 05/31/2025 04:10PM ET,MIA,4.68
SP,Dax Fulton (39001540),Dax Fulton,39001540,P,5500,SF@MIA 05/31/2025 04:10PM ET,MIA,0
SP,Eury Perez (39001541),Eury Perez,39001541,P,5500,SF@MIA 05/31/2025 04:10PM ET,MIA,0
RP,Janson Junk (39001542),Janson Junk,39001542,P,5500,SF@MIA 05/31/2025 04:10PM ET,MIA,15.12
SP,Valente Bellozo (39001543),Valente Bellozo,39001543,P,5500,SF@MIA 05/31/2025 04:10PM ET,MIA,9.74
RP,Tyler Phillips (39001544),Tyler Phillips,39001544,P,5500,SF@MIA 05/31/2025 04:10PM ET,MIA,2.58
RP,Anthony Veneziano (39001545),Anthony Veneziano,39001545,P,5500,SF@MIA 05/31/2025 04:10PM ET,MIA,1.66
SP,Braxton Garrett (39001546),Braxton Garrett,39001546,P,5500,SF@MIA 05/31/2025 04:10PM ET,MIA,0
SP,Adam Mazur (39001547),Adam Mazur,39001547,P,5500,SF@MIA 05/31/2025 04:10PM ET,MIA,0
SP,Cal Quantrill (39001548),Cal Quantrill,39001548,P,5500,SF@MIA 05/31/2025 04:10PM ET,MIA,8.07
C,Ivan Herrera (39000946),Ivan Herrera,39000946,C,5400,STL@TEX 05/31/2025 04:05PM ET,STL,10.12
SP,Sandy Alcantara (39001549),Sandy Alcantara,39001549,P,5400,SF@MIA 05/31/2025 04:10PM ET,MIA,4.96
3B,Rafael Devers (39000948),Rafael Devers,39000948,3B,5300,BOS@ATL 05/31/2025 04:10PM ET,BOS,9.85
3B,Alex Bregman (39001208),Alex Bregman,39001208,3B,5300,BOS@ATL 05/31/2025 04:10PM ET,BOS,9.47
OF,Juan Soto (39000947),Juan Soto,39000947,OF,5300,COL@NYM 05/31/2025 04:10PM ET,NYM,8.18
RP,Austin Gomber (39001550),Austin Gomber,39001550,P,5300,COL@NYM 05/31/2025 04:10PM ET,COL,0
SP,German Marquez (39001551),German Marquez,39001551,P,5300,COL@NYM 05/31/2025 04:10PM ET,COL,4.42
SP,Kyle Freeland (39001552),Kyle Freeland,39001552,P,5300,COL@NYM 05/31/2025 04:10PM ET,COL,7.95
SP,Bradley Blalock (39001553),Bradley Blalock,39001553,P,5300,COL@NYM 05/31/2025 04:10PM ET,COL,-2.76
RP,Carson Palmquist (39001554),Carson Palmquist,39001554,P,5300,COL@NYM 05/31/2025 04:10PM ET,COL,-0.07
RP,Calvin Faucher (39001555),Calvin Faucher,39001555,P,5300,SF@MIA 05/31/2025 04:10PM ET,MIA,2.38
OF,Jarren Duran (39000949),Jarren Duran,39000949,OF,5200,BOS@ATL 05/31/2025 04:10PM ET,BOS,9.03
OF,Wyatt Langford (39000950),Wyatt Langford,39000950,OF,5200,STL@TEX 05/31/2025 04:05PM ET,TEX,8.65
SS,Corey Seager (39000951),Corey Seager,39000951,SS,5100,STL@TEX 05/31/2025 04:05PM ET,TEX,7.54
OF,Yordan Alvarez (39001209),Yordan Alvarez,39001209,OF,5100,TB@HOU 05/31/2025 04:10PM ET,HOU,6.17
1B,Matt Olson (39000953),Matt Olson,39000953,1B,5000,BOS@ATL 05/31/2025 04:10PM ET,ATL,7.89
2B/OF,Brendan Donovan (39000954),Brendan Donovan,39000954,2B/OF,5000,STL@TEX 05/31/2025 04:05PM ET,STL,8.17
OF,Mike Trout (39001210),Mike Trout,39001210,OF,5000,LAA@CLE 05/31/2025 04:10PM ET,LAA,7.67
SP,Antonio Senzatela (39000937),Antonio Senzatela,39000937,P,5000,COL@NYM 05/31/2025 04:10PM ET,COL,3.81
1B,Pete Alonso (39000952),Pete Alonso,39000952,1B,5000,COL@NYM 05/31/2025 04:10PM ET,NYM,9.14
OF,Josh Lowe (39000956),Josh Lowe,39000956,OF,5000,TB@HOU 05/31/2025 04:10PM ET,TB,7.93
OF,Lars Nootbaar (39000957),Lars Nootbaar,39000957,OF,4900,STL@TEX 05/31/2025 04:05PM ET,STL,8.38
OF,Riley Greene (39000958),Riley Greene,39000958,OF,4900,DET@KC 05/31/2025 04:10PM ET,DET,8.48
C,William Contreras (39000960),William Contreras,39000960,C,4800,MIL@PHI 05/31/2025 04:05PM ET,MIL,7.26
1B,Jonathan Aranda (39000959),Jonathan Aranda,39000959,1B,4800,TB@HOU 05/31/2025 04:10PM ET,TB,7.81
SS,Gunnar Henderson (39000961),Gunnar Henderson,39000961,SS,4700,CWS@BAL 05/31/2025 04:05PM ET,BAL,7.92
OF,Steven Kwan (39000963),Steven Kwan,39000963,OF,4700,LAA@CLE 05/31/2025 04:10PM ET,CLE,7.67
3B,Isaac Paredes (39000962),Isaac Paredes,39000962,3B,4700,TB@HOU 05/31/2025 04:10PM ET,HOU,8
2B,Brandon Lowe (39000964),Brandon Lowe,39000964,2B,4700,TB@HOU 05/31/2025 04:10PM ET,TB,7.58
OF,Colton Cowser (39001211),Colton Cowser,39001211,OF,4600,CWS@BAL 05/31/2025 04:05PM ET,BAL,5.75
2B,Brice Turang (39000966),Brice Turang,39000966,2B,4600,MIL@PHI 05/31/2025 04:05PM ET,MIL,8.18
2B,Gleyber Torres (39000965),Gleyber Torres,39000965,2B,4600,DET@KC 05/31/2025 04:10PM ET,DET,8.22
OF,Jung Hoo Lee (39000967),Jung Hoo Lee,39000967,OF,4600,SF@MIA 05/31/2025 04:10PM ET,SF,7.86
3B,Austin Riley (39000969),Austin Riley,39000969,3B,4500,BOS@ATL 05/31/2025 04:10PM ET,ATL,8
OF,Wilyer Abreu (39000972),Wilyer Abreu,39000972,OF,4500,BOS@ATL 05/31/2025 04:10PM ET,BOS,7.70
OF,Cedric Mullins (39000968),Cedric Mullins,39000968,OF,4500,CWS@BAL 05/31/2025 04:05PM ET,BAL,8.32
OF,Tyler O'Neill (39001212),Tyler O'Neill,39001212,OF,4500,CWS@BAL 05/31/2025 04:05PM ET,BAL,5.83
OF,Jackson Chourio (39000971),Jackson Chourio,39000971,OF,4500,MIL@PHI 05/31/2025 04:05PM ET,MIL,8.23
1B/3B,Yandy Diaz (39000975),Yandy Diaz,39000975,1B/3B,4500,TB@HOU 05/31/2025 04:10PM ET,TB,6.91
1B,Spencer Torkelson (39000970),Spencer Torkelson,39000970,1B,4500,DET@KC 05/31/2025 04:10PM ET,DET,8.91
1B/3B,Wilmer Flores (39000973),Wilmer Flores,39000973,1B/3B,4500,SF@MIA 05/31/2025 04:10PM ET,SF,7.45
1B/OF,Ryan O'Hearn (39000977),Ryan O'Hearn,39000977,1B/OF,4400,CWS@BAL 05/31/2025 04:05PM ET,BAL,8.45
OF,Nick Castellanos (39000982),Nick Castellanos,39000982,OF,4400,MIL@PHI 05/31/2025 04:05PM ET,PHI,7.09
OF,Christian Yelich (39000983),Christian Yelich,39000983,OF,4400,MIL@PHI 05/31/2025 04:05PM ET,MIL,8.54
2B/OF,Jose Altuve (39000979),Jose Altuve,39000979,2B/OF,4400,TB@HOU 05/31/2025 04:10PM ET,HOU,7.18
OF,Kerry Carpenter (39000984),Kerry Carpenter,39000984,OF,4400,DET@KC 05/31/2025 04:10PM ET,DET,7.06
OF,Kyle Stowers (39000981),Kyle Stowers,39000981,OF,4400,SF@MIA 05/31/2025 04:10PM ET,MIA,8.15
3B,Matt Chapman (39000985),Matt Chapman,39000985,3B,4400,SF@MIA 05/31/2025 04:10PM ET,SF,7.80
C,Drake Baldwin (39000987),Drake Baldwin,39000987,C,4300,BOS@ATL 05/31/2025 04:10PM ET,ATL,6
C,Sean Murphy (39000992),Sean Murphy,39000992,C,4300,BOS@ATL 05/31/2025 04:10PM ET,ATL,7.31
2B,Jackson Holliday (39000986),Jackson Holliday,39000986,2B,4300,CWS@BAL 05/31/2025 04:05PM ET,BAL,7.1
3B,Jordan Westburg (39001213),Jordan Westburg,39001213,3B,4300,CWS@BAL 05/31/2025 04:05PM ET,BAL,6.44
SS,Josh Smith (39000991),Josh Smith,39000991,SS,4300,STL@TEX 05/31/2025 04:05PM ET,TEX,6.22
2B,Bryson Stott (39000988),Bryson Stott,39000988,2B,4300,MIL@PHI 05/31/2025 04:05PM ET,PHI,7.74
3B,Junior Caminero (39000993),Junior Caminero,39000993,3B,4300,TB@HOU 05/31/2025 04:10PM ET,TB,7.62
OF,Jake Mangum (39001214),Jake Mangum,39001214,OF,4300,TB@HOU 05/31/2025 04:10PM ET,TB,7.04
3B,Maikel Garcia (39000989),Maikel Garcia,39000989,3B,4300,DET@KC 05/31/2025 04:10PM ET,KC,8.12
C,Agustin Ramirez (39000990),Agustin Ramirez,39000990,C,4300,SF@MIA 05/31/2025 04:10PM ET,MIA,8.19
OF,Marcell Ozuna (39000995),Marcell Ozuna,39000995,OF,4200,BOS@ATL 05/31/2025 04:10PM ET,ATL,7.98
C,Adley Rutschman (39000996),Adley Rutschman,39000996,C,4200,CWS@BAL 05/31/2025 04:05PM ET,BAL,5.62
SS,Masyn Winn (39000994),Masyn Winn,39000994,SS,4200,STL@TEX 05/31/2025 04:05PM ET,STL,7.63
OF,Taylor Ward (39001000),Taylor Ward,39001000,OF,4200,LAA@CLE 05/31/2025 04:10PM ET,LAA,8.18
1B,Kyle Manzardo (39001001),Kyle Manzardo,39001001,1B,4200,LAA@CLE 05/31/2025 04:10PM ET,CLE,7.04
2B/SS,Otto Lopez (39000997),Otto Lopez,39000997,2B/SS,4200,SF@MIA 05/31/2025 04:10PM ET,MIA,6.82
OF,Heliot Ramos (39000999),Heliot Ramos,39000999,OF,4200,SF@MIA 05/31/2025 04:10PM ET,SF,8.53
SS,Xavier Edwards (39001215),Xavier Edwards,39001215,SS,4200,SF@MIA 05/31/2025 04:10PM ET,MIA,7.12
1B,Willson Contreras (39001002),Willson Contreras,39001002,1B,4100,STL@TEX 05/31/2025 04:05PM ET,STL,6.94
3B,Josh Jung (39001007),Josh Jung,39001007,3B,4100,STL@TEX 05/31/2025 04:05PM ET,TEX,7.08
C,Logan O'Hoppe (39001003),Logan O'Hoppe,39001003,C,4100,LAA@CLE 05/31/2025 04:10PM ET,LAA,7.16
OF,Chandler Simpson (39001004),Chandler Simpson,39001004,OF,4100,TB@HOU 05/31/2025 04:10PM ET,TB,7.97
1B,Christian Walker (39001006),Christian Walker,39001006,1B,4100,TB@HOU 05/31/2025 04:10PM ET,HOU,6.11
OF,Mike Yastrzemski (39001005),Mike Yastrzemski,39001005,OF,4100,SF@MIA 05/31/2025 04:10PM ET,SF,6.79
2B,Ozzie Albies (39001010),Ozzie Albies,39001010,2B,4000,BOS@ATL 05/31/2025 04:10PM ET,ATL,6.88
RP,Chasen Shreve (39001556),Chasen Shreve,39001556,P,4000,BOS@ATL 05/31/2025 04:10PM ET,ATL,0
RP,Nathan Wiles (39001561),Nathan Wiles,39001561,P,4000,BOS@ATL 05/31/2025 04:10PM ET,ATL,-4.15
SP,Luis Perales (39001562),Luis Perales,39001562,P,4000,BOS@ATL 05/31/2025 04:10PM ET,BOS,0
RP,Chris Murphy (39001571),Chris Murphy,39001571,P,4000,BOS@ATL 05/31/2025 04:10PM ET,BOS,0
RP,Austin Cox (39001580),Austin Cox,39001580,P,4000,BOS@ATL 05/31/2025 04:10PM ET,ATL,0
RP,Domingo Gonzalez (39001581),Domingo Gonzalez,39001581,P,4000,BOS@ATL 05/31/2025 04:10PM ET,ATL,0
RP,Rolddy Munoz (39001586),Rolddy Munoz,39001586,P,4000,BOS@ATL 05/31/2025 04:10PM ET,ATL,0
RP,Adam Ottavino (39001598),Adam Ottavino,39001598,P,4000,BOS@ATL 05/31/2025 04:10PM ET,BOS,2.45
RP,Zack Kelly (39001618),Zack Kelly,39001618,P,4000,BOS@ATL 05/31/2025 04:10PM ET,BOS,2.52
RP,Luis Guerrero (39001620),Luis Guerrero,39001620,P,4000,BOS@ATL 05/31/2025 04:10PM ET,BOS,3.6
RP,Liam Hendriks (39001633),Liam Hendriks,39001633,P,4000,BOS@ATL 05/31/2025 04:10PM ET,BOS,1.62
RP,Justin Slaten (39001640),Justin Slaten,39001640,P,4000,BOS@ATL 05/31/2025 04:10PM ET,BOS,2.41
RP,Amos Willingham (39001643),Amos Willingham,39001643,P,4000,BOS@ATL 05/31/2025 04:10PM ET,ATL,0
RP,Brennan Bernardino (39001667),Brennan Bernardino,39001667,P,4000,BOS@ATL 05/31/2025 04:10PM ET,BOS,3.00
RP,Justin Wilson (39001668),Justin Wilson,39001668,P,4000,BOS@ATL 05/31/2025 04:10PM ET,BOS,2.82
RP,Nick Burdi (39001674),Nick Burdi,39001674,P,4000,BOS@ATL 05/31/2025 04:10PM ET,BOS,2.12
RP,Greg Weissert (39001687),Greg Weissert,39001687,P,4000,BOS@ATL 05/31/2025 04:10PM ET,BOS,3.12
RP,Jordan Weems (39001691),Jordan Weems,39001691,P,4000,BOS@ATL 05/31/2025 04:10PM ET,ATL,0
RP,Aaron Bummer (39001695),Aaron Bummer,39001695,P,4000,BOS@ATL 05/31/2025 04:10PM ET,ATL,3.41
RP,Rafael Montero (39001698),Rafael Montero,39001698,P,4000,BOS@ATL 05/31/2025 04:10PM ET,ATL,2.42
RP,Daysbel Hernandez (39001704),Daysbel Hernandez,39001704,P,4000,BOS@ATL 05/31/2025 04:10PM ET,ATL,2.96
RP,Josh Winckowski (39001706),Josh Winckowski,39001706,P,4000,BOS@ATL 05/31/2025 04:10PM ET,BOS,4.01
RP,Matt Moore (39001714),Matt Moore,39001714,P,4000,BOS@ATL 05/31/2025 04:10PM ET,BOS,0
RP,Garrett Whitlock (39001716),Garrett Whitlock,39001716,P,4000,BOS@ATL 05/31/2025 04:10PM ET,BOS,5.24
RP,Scott Blewett (39001718),Scott Blewett,39001718,P,4000,BOS@ATL 05/31/2025 04:10PM ET,ATL,5.85
RP,Michael Petersen (39001732),Michael Petersen,39001732,P,4000,BOS@ATL 05/31/2025 04:10PM ET,ATL,2.48
RP,Jake Diekman (39001743),Jake Diekman,39001743,P,4000,BOS@ATL 05/31/2025 04:10PM ET,ATL,0
RP,Kevin Herget (39001749),Kevin Herget,39001749,P,4000,BOS@ATL 05/31/2025 04:10PM ET,ATL,2.7
RP,Pierce Johnson (39001750),Pierce Johnson,39001750,P,4000,BOS@ATL 05/31/2025 04:10PM ET,ATL,2.87
RP,Dylan Lee (39001767),Dylan Lee,39001767,P,4000,BOS@ATL 05/31/2025 04:10PM ET,ATL,2.94
RP,Dany Jimenez (39001768),Dany Jimenez,39001768,P,4000,BOS@ATL 05/31/2025 04:10PM ET,ATL,0
RP,Joe Jimenez (39001772),Joe Jimenez,39001772,P,4000,BOS@ATL 05/31/2025 04:10PM ET,ATL,0
RP,Zach Penrod (39001777),Zach Penrod,39001777,P,4000,BOS@ATL 05/31/2025 04:10PM ET,BOS,0
RP,Raisel Iglesias (39001779),Raisel Iglesias,39001779,P,4000,BOS@ATL 05/31/2025 04:10PM ET,ATL,2.66
RP,Aroldis Chapman (39001791),Aroldis Chapman,39001791,P,4000,BOS@ATL 05/31/2025 04:10PM ET,BOS,4.08
OF,Luis Robert Jr. (39001013),Luis Robert Jr.,39001013,OF,4000,CWS@BAL 05/31/2025 04:05PM ET,CWS,7.46
RP,Yaramil Hiraldo (39001560),Yaramil Hiraldo,39001560,P,4000,CWS@BAL 05/31/2025 04:05PM ET,BAL,4.4
RP,Grant Wolfram (39001564),Grant Wolfram,39001564,P,4000,CWS@BAL 05/31/2025 04:05PM ET,BAL,-1
RP,Luis Gonzalez (39001573),Luis Gonzalez,39001573,P,4000,CWS@BAL 05/31/2025 04:05PM ET,BAL,0
SP,Wikelman Gonzalez (39001588),Wikelman Gonzalez,39001588,P,4000,CWS@BAL 05/31/2025 04:05PM ET,CWS,0
RP,Justin Dunn (39001590),Justin Dunn,39001590,P,4000,CWS@BAL 05/31/2025 04:05PM ET,CWS,0
RP,Prelander Berroa (39001596),Prelander Berroa,39001596,P,4000,CWS@BAL 05/31/2025 04:05PM ET,CWS,0
RP,Colin Selby (39001631),Colin Selby,39001631,P,4000,CWS@BAL 05/31/2025 04:05PM ET,BAL,3.95
RP,Gregory Soto (39001634),Gregory Soto,39001634,P,4000,CWS@BAL 05/31/2025 04:05PM ET,BAL,2.17
RP,Cam Booser (39001641),Cam Booser,39001641,P,4000,CWS@BAL 05/31/2025 04:05PM ET,CWS,2.34
RP,Gus Varland (39001656),Gus Varland,39001656,P,4000,CWS@BAL 05/31/2025 04:05PM ET,CWS,0
RP,Andrew Kittredge (39001659),Andrew Kittredge,39001659,P,4000,CWS@BAL 05/31/2025 04:05PM ET,BAL,4.4
RP,Dylan Coleman (39001663),Dylan Coleman,39001663,P,4000,CWS@BAL 05/31/2025 04:05PM ET,BAL,0
RP,Yennier Cano (39001677),Yennier Cano,39001677,P,4000,CWS@BAL 05/31/2025 04:05PM ET,BAL,2.26
RP,Fraser Ellard (39001678),Fraser Ellard,39001678,P,4000,CWS@BAL 05/31/2025 04:05PM ET,CWS,2.89
RP,Brandon Eisert (39001684),Brandon Eisert,39001684,P,4000,CWS@BAL 05/31/2025 04:05PM ET,CWS,3.05
RP,Dan Altavilla (39001693),Dan Altavilla,39001693,P,4000,CWS@BAL 05/31/2025 04:05PM ET,CWS,5.65
RP,Miguel Castro (39001697),Miguel Castro,39001697,P,4000,CWS@BAL 05/31/2025 04:05PM ET,CWS,0.82
RP,Jairo Iriarte (39001712),Jairo Iriarte,39001712,P,4000,CWS@BAL 05/31/2025 04:05PM ET,CWS,0
RP,Caleb Freeman (39001721),Caleb Freeman,39001721,P,4000,CWS@BAL 05/31/2025 04:05PM ET,CWS,0.56
RP,Seranthony Dominguez (39001739),Seranthony Dominguez,39001739,P,4000,CWS@BAL 05/31/2025 04:05PM ET,BAL,2.83
RP,Owen White (39001751),Owen White,39001751,P,4000,CWS@BAL 05/31/2025 04:05PM ET,CWS,0
RP,Felix Bautista (39001753),Felix Bautista,39001753,P,4000,CWS@BAL 05/31/2025 04:05PM ET,BAL,2.85
RP,Kade Strowd (39001756),Kade Strowd,39001756,P,4000,CWS@BAL 05/31/2025 04:05PM ET,BAL,1.05
RP,Bryan Baker (39001765),Bryan Baker,39001765,P,4000,CWS@BAL 05/31/2025 04:05PM ET,BAL,3.84
RP,Jordan Leasure (39001785),Jordan Leasure,39001785,P,4000,CWS@BAL 05/31/2025 04:05PM ET,CWS,2.61
3B,Nolan Arenado (39001008),Nolan Arenado,39001008,3B,4000,STL@TEX 05/31/2025 04:05PM ET,STL,6.81
SP,Tekoah Roby (39001563),Tekoah Roby,39001563,P,4000,STL@TEX 05/31/2025 04:05PM ET,STL,0
SP,Sem Robberse (39001565),Sem Robberse,39001565,P,4000,STL@TEX 05/31/2025 04:05PM ET,STL,0
SP,Emiliano Teodo (39001568),Emiliano Teodo,39001568,P,4000,STL@TEX 05/31/2025 04:05PM ET,TEX,0
SP,Tink Hence (39001572),Tink Hence,39001572,P,4000,STL@TEX 05/31/2025 04:05PM ET,STL,0
RP,Luis Curvelo (39001574),Luis Curvelo,39001574,P,4000,STL@TEX 05/31/2025 04:05PM ET,TEX,0
SP,Winston Santos (39001584),Winston Santos,39001584,P,4000,STL@TEX 05/31/2025 04:05PM ET,TEX,0
SP,Jose Corniell (39001591),Jose Corniell,39001591,P,4000,STL@TEX 05/31/2025 04:05PM ET,TEX,0
RP,Chris Martin (39001601),Chris Martin,39001601,P,4000,STL@TEX 05/31/2025 04:05PM ET,TEX,3.25
RP,Robert Garcia (39001606),Robert Garcia,39001606,P,4000,STL@TEX 05/31/2025 04:05PM ET,TEX,2.77
RP,Ryan Fernandez (39001622),Ryan Fernandez,39001622,P,4000,STL@TEX 05/31/2025 04:05PM ET,STL,-0.04
RP,JoJo Romero (39001632),JoJo Romero,39001632,P,4000,STL@TEX 05/31/2025 04:05PM ET,STL,1.78
SP,Riley O'Brien (39001639),Riley O'Brien,39001639,P,4000,STL@TEX 05/31/2025 04:05PM ET,STL,0.13
RP,Luke Jackson (39001645),Luke Jackson,39001645,P,4000,STL@TEX 05/31/2025 04:05PM ET,TEX,1.57
RP,John King (39001646),John King,39001646,P,4000,STL@TEX 05/31/2025 04:05PM ET,STL,1.98
RP,Ryan Helsley (39001652),Ryan Helsley,39001652,P,4000,STL@TEX 05/31/2025 04:05PM ET,STL,3.12
RP,Caleb Boushley (39001662),Caleb Boushley,39001662,P,4000,STL@TEX 05/31/2025 04:05PM ET,TEX,4.88
RP,JT Chargois (39001669),JT Chargois,39001669,P,4000,STL@TEX 05/31/2025 04:05PM ET,TEX,0
RP,Marc Church (39001671),Marc Church,39001671,P,4000,STL@TEX 05/31/2025 04:05PM ET,TEX,2.1
RP,Jacob Webb (39001709),Jacob Webb,39001709,P,4000,STL@TEX 05/31/2025 04:05PM ET,TEX,2.19
RP,Kyle Leahy (39001710),Kyle Leahy,39001710,P,4000,STL@TEX 05/31/2025 04:05PM ET,STL,3.64
RP,Phil Maton (39001722),Phil Maton,39001722,P,4000,STL@TEX 05/31/2025 04:05PM ET,STL,3.24
RP,Gerson Garabito (39001724),Gerson Garabito,39001724,P,4000,STL@TEX 05/31/2025 04:05PM ET,TEX,2.4
RP,Jacob Latz (39001737),Jacob Latz,39001737,P,4000,STL@TEX 05/31/2025 04:05PM ET,TEX,4.16
RP,Josh Sborz (39001740),Josh Sborz,39001740,P,4000,STL@TEX 05/31/2025 04:05PM ET,TEX,0
RP,Shawn Armstrong (39001754),Shawn Armstrong,39001754,P,4000,STL@TEX 05/31/2025 04:05PM ET,TEX,3.20
RP,Matt Svanson (39001758),Matt Svanson,39001758,P,4000,STL@TEX 05/31/2025 04:05PM ET,STL,3.44
RP,Chris Roycroft (39001782),Chris Roycroft,39001782,P,4000,STL@TEX 05/31/2025 04:05PM ET,STL,0.92
RP,Hoby Milner (39001784),Hoby Milner,39001784,P,4000,STL@TEX 05/31/2025 04:05PM ET,TEX,2.80
3B,Yoan Moncada (39001012),Yoan Moncada,39001012,3B,4000,LAA@CLE 05/31/2025 04:10PM ET,LAA,7.46
SP,Daniel Espino (39001557),Daniel Espino,39001557,P,4000,LAA@CLE 05/31/2025 04:10PM ET,CLE,0
RP,Franco Aleman (39001558),Franco Aleman,39001558,P,4000,LAA@CLE 05/31/2025 04:10PM ET,CLE,0
SP,Trevor Stephan (39001559),Trevor Stephan,39001559,P,4000,LAA@CLE 05/31/2025 04:10PM ET,CLE,0
RP,Sam Bachman (39001579),Sam Bachman,39001579,P,4000,LAA@CLE 05/31/2025 04:10PM ET,LAA,0
RP,Sam Hentges (39001594),Sam Hentges,39001594,P,4000,LAA@CLE 05/31/2025 04:10PM ET,CLE,0
RP,Jose Fermin (39001602),Jose Fermin,39001602,P,4000,LAA@CLE 05/31/2025 04:10PM ET,LAA,2.47
RP,Cody Bolton (39001603),Cody Bolton,39001603,P,4000,LAA@CLE 05/31/2025 04:10PM ET,CLE,-1.9
RP,Paul Sewald (39001604),Paul Sewald,39001604,P,4000,LAA@CLE 05/31/2025 04:10PM ET,CLE,2.52
RP,Emmanuel Clase (39001616),Emmanuel Clase,39001616,P,4000,LAA@CLE 05/31/2025 04:10PM ET,CLE,3.03
RP,Erik Sabrowski (39001628),Erik Sabrowski,39001628,P,4000,LAA@CLE 05/31/2025 04:10PM ET,CLE,0
RP,Ryan Zeferjahn (39001630),Ryan Zeferjahn,39001630,P,4000,LAA@CLE 05/31/2025 04:10PM ET,LAA,3.24
RP,Brock Burke (39001635),Brock Burke,39001635,P,4000,LAA@CLE 05/31/2025 04:10PM ET,LAA,2.20
RP,Robert Stephenson (39001637),Robert Stephenson,39001637,P,4000,LAA@CLE 05/31/2025 04:10PM ET,LAA,3.12
RP,Hunter Gaddis (39001648),Hunter Gaddis,39001648,P,4000,LAA@CLE 05/31/2025 04:10PM ET,CLE,3.75
SP,Matt Krook (39001651),Matt Krook,39001651,P,4000,LAA@CLE 05/31/2025 04:10PM ET,CLE,1.97
RP,Hector Neris (39001660),Hector Neris,39001660,P,4000,LAA@CLE 05/31/2025 04:10PM ET,LAA,1.89
RP,Connor Brogdon (39001675),Connor Brogdon,39001675,P,4000,LAA@CLE 05/31/2025 04:10PM ET,LAA,2.09
RP,Hans Crouse (39001686),Hans Crouse,39001686,P,4000,LAA@CLE 05/31/2025 04:10PM ET,LAA,0
RP,Hunter Strickland (39001690),Hunter Strickland,39001690,P,4000,LAA@CLE 05/31/2025 04:10PM ET,LAA,3.11
RP,Ryan Johnson (39001692),Ryan Johnson,39001692,P,4000,LAA@CLE 05/31/2025 04:10PM ET,LAA,1.97
RP,Victor Mederos (39001701),Victor Mederos,39001701,P,4000,LAA@CLE 05/31/2025 04:10PM ET,LAA,3.75
RP,Zak Kent (39001705),Zak Kent,39001705,P,4000,LAA@CLE 05/31/2025 04:10PM ET,CLE,3.75
RP,Ben Joyce (39001715),Ben Joyce,39001715,P,4000,LAA@CLE 05/31/2025 04:10PM ET,LAA,1.23
RP,Michael Darrell-Hicks (39001729),Michael Darrell-Hicks,39001729,P,4000,LAA@CLE 05/31/2025 04:10PM ET,LAA,1.38
RP,Jake Eder (39001736),Jake Eder,39001736,P,4000,LAA@CLE 05/31/2025 04:10PM ET,LAA,2.48
RP,Tim Herrin (39001755),Tim Herrin,39001755,P,4000,LAA@CLE 05/31/2025 04:10PM ET,CLE,2.56
RP,Kenley Jansen (39001766),Kenley Jansen,39001766,P,4000,LAA@CLE 05/31/2025 04:10PM ET,LAA,1.86
RP,Andrew Walters (39001770),Andrew Walters,39001770,P,4000,LAA@CLE 05/31/2025 04:10PM ET,CLE,0.9
RP,Cade Smith (39001774),Cade Smith,39001774,P,4000,LAA@CLE 05/31/2025 04:10PM ET,CLE,3.8
RP,Nic Enright (39001789),Nic Enright,39001789,P,4000,LAA@CLE 05/31/2025 04:10PM ET,CLE,2.88
C,Hunter Goodman (39001015),Hunter Goodman,39001015,C,4000,COL@NYM 05/31/2025 04:10PM ET,COL,7.14
RP,Tommy Doyle (39001567),Tommy Doyle,39001567,P,4000,COL@NYM 05/31/2025 04:10PM ET,COL,0
RP,Tyler Zuber (39001569),Tyler Zuber,39001569,P,4000,COL@NYM 05/31/2025 04:10PM ET,NYM,0
RP,Genesis Cabrera (39001600),Genesis Cabrera,39001600,P,4000,COL@NYM 05/31/2025 04:10PM ET,NYM,3.95
RP,Victor Vodnik (39001607),Victor Vodnik,39001607,P,4000,COL@NYM 05/31/2025 04:10PM ET,COL,1.98
RP,Huascar Brazoban (39001613),Huascar Brazoban,39001613,P,4000,COL@NYM 05/31/2025 04:10PM ET,NYM,4.93
RP,Ryan Rolison (39001619),Ryan Rolison,39001619,P,4000,COL@NYM 05/31/2025 04:10PM ET,COL,2.03
RP,Jimmy Herget (39001636),Jimmy Herget,39001636,P,4000,COL@NYM 05/31/2025 04:10PM ET,COL,2.75
RP,Chris Devenski (39001650),Chris Devenski,39001650,P,4000,COL@NYM 05/31/2025 04:10PM ET,NYM,2.7
RP,Zach Agnos (39001653),Zach Agnos,39001653,P,4000,COL@NYM 05/31/2025 04:10PM ET,COL,2.87
RP,Seth Halvorsen (39001657),Seth Halvorsen,39001657,P,4000,COL@NYM 05/31/2025 04:10PM ET,COL,1.97
RP,Jaden Hill (39001664),Jaden Hill,39001664,P,4000,COL@NYM 05/31/2025 04:10PM ET,COL,3.67
RP,Edwin Diaz (39001666),Edwin Diaz,39001666,P,4000,COL@NYM 05/31/2025 04:10PM ET,NYM,4.41
RP,Tyler Kinley (39001676),Tyler Kinley,39001676,P,4000,COL@NYM 05/31/2025 04:10PM ET,COL,1.52
RP,Jake Bird (39001685),Jake Bird,39001685,P,4000,COL@NYM 05/31/2025 04:10PM ET,COL,5.16
RP,Angel Chivilli (39001696),Angel Chivilli,39001696,P,4000,COL@NYM 05/31/2025 04:10PM ET,COL,2.16
RP,Jose Castillo (39001700),Jose Castillo,39001700,P,4000,COL@NYM 05/31/2025 04:10PM ET,NYM,1.3
RP,Ryne Stanek (39001708),Ryne Stanek,39001708,P,4000,COL@NYM 05/31/2025 04:10PM ET,NYM,2.37
SP,Anthony Molina (39001723),Anthony Molina,39001723,P,4000,COL@NYM 05/31/2025 04:10PM ET,COL,4.25
RP,Jeff Criswell (39001730),Jeff Criswell,39001730,P,4000,COL@NYM 05/31/2025 04:10PM ET,COL,0
RP,Ty Adcock (39001738),Ty Adcock,39001738,P,4000,COL@NYM 05/31/2025 04:10PM ET,NYM,-0.45
RP,Drew Smith (39001741),Drew Smith,39001741,P,4000,COL@NYM 05/31/2025 04:10PM ET,NYM,0
RP,Dedniel Nunez (39001742),Dedniel Nunez,39001742,P,4000,COL@NYM 05/31/2025 04:10PM ET,NYM,0.81
RP,Danny Young (39001744),Danny Young,39001744,P,4000,COL@NYM 05/31/2025 04:10PM ET,NYM,2.90
RP,Luis Peralta (39001746),Luis Peralta,39001746,P,4000,COL@NYM 05/31/2025 04:10PM ET,COL,0.82
RP,Brooks Raley (39001757),Brooks Raley,39001757,P,4000,COL@NYM 05/31/2025 04:10PM ET,NYM,0
RP,Sean Reid-Foley (39001759),Sean Reid-Foley,39001759,P,4000,COL@NYM 05/31/2025 04:10PM ET,NYM,0
RP,Reed Garrett (39001762),Reed Garrett,39001762,P,4000,COL@NYM 05/31/2025 04:10PM ET,NYM,3.79
RP,A.J. Minter (39001764),A.J. Minter,39001764,P,4000,COL@NYM 05/31/2025 04:10PM ET,NYM,3.24
RP,Scott Alexander (39001780),Scott Alexander,39001780,P,4000,COL@NYM 05/31/2025 04:10PM ET,COL,0.73
RP,Juan Mejia (39001788),Juan Mejia,39001788,P,4000,COL@NYM 05/31/2025 04:10PM ET,COL,4.76
1B,Rhys Hoskins (39001014),Rhys Hoskins,39001014,1B,4000,MIL@PHI 05/31/2025 04:05PM ET,MIL,6.94
SP,Jean Cabrera (39001578),Jean Cabrera,39001578,P,4000,MIL@PHI 05/31/2025 04:05PM ET,PHI,0
RP,Alan Rangel (39001587),Alan Rangel,39001587,P,4000,MIL@PHI 05/31/2025 04:05PM ET,PHI,0
RP,Moises Chace (39001592),Moises Chace,39001592,P,4000,MIL@PHI 05/31/2025 04:05PM ET,PHI,0
RP,Devin Sweet (39001593),Devin Sweet,39001593,P,4000,MIL@PHI 05/31/2025 04:05PM ET,PHI,0
RP,Michael Mercado (39001595),Michael Mercado,39001595,P,4000,MIL@PHI 05/31/2025 04:05PM ET,PHI,0
RP,Kyle Tyler (39001597),Kyle Tyler,39001597,P,4000,MIL@PHI 05/31/2025 04:05PM ET,PHI,0
RP,Grant Anderson (39001612),Grant Anderson,39001612,P,4000,MIL@PHI 05/31/2025 04:05PM ET,MIL,3.70
RP,Bryan Hudson (39001614),Bryan Hudson,39001614,P,4000,MIL@PHI 05/31/2025 04:05PM ET,MIL,2.17
RP,Tanner Banks (39001621),Tanner Banks,39001621,P,4000,MIL@PHI 05/31/2025 04:05PM ET,PHI,3.44
RP,Max Lazar (39001644),Max Lazar,39001644,P,4000,MIL@PHI 05/31/2025 04:05PM ET,PHI,4.6
RP,Jose Ruiz (39001647),Jose Ruiz,39001647,P,4000,MIL@PHI 05/31/2025 04:05PM ET,PHI,1.92
RP,Orion Kerkering (39001649),Orion Kerkering,39001649,P,4000,MIL@PHI 05/31/2025 04:05PM ET,PHI,2.70
RP,Elvis Peguero (39001673),Elvis Peguero,39001673,P,4000,MIL@PHI 05/31/2025 04:05PM ET,MIL,1.78
RP,Trevor Megill (39001680),Trevor Megill,39001680,P,4000,MIL@PHI 05/31/2025 04:05PM ET,MIL,2.58
RP,Jose Alvarado (39001683),Jose Alvarado,39001683,P,4000,MIL@PHI 05/31/2025 04:05PM ET,PHI,4.23
RP,Brett de Geus (39001688),Brett de Geus,39001688,P,4000,MIL@PHI 05/31/2025 04:05PM ET,PHI,0.1
RP,Easton McGee (39001711),Easton McGee,39001711,P,4000,MIL@PHI 05/31/2025 04:05PM ET,MIL,4.25
RP,Matt Strahm (39001731),Matt Strahm,39001731,P,4000,MIL@PHI 05/31/2025 04:05PM ET,PHI,2.84
RP,Jordan Romano (39001769),Jordan Romano,39001769,P,4000,MIL@PHI 05/31/2025 04:05PM ET,PHI,2.04
RP,Rob Zastryzny (39001771),Rob Zastryzny,39001771,P,4000,MIL@PHI 05/31/2025 04:05PM ET,MIL,5.25
RP,Nick Mears (39001778),Nick Mears,39001778,P,4000,MIL@PHI 05/31/2025 04:05PM ET,MIL,2.56
RP,Abner Uribe (39001783),Abner Uribe,39001783,P,4000,MIL@PHI 05/31/2025 04:05PM ET,MIL,3.98
RP,Craig Yoho (39001786),Craig Yoho,39001786,P,4000,MIL@PHI 05/31/2025 04:05PM ET,MIL,0.07
RP,Daniel Robert (39001787),Daniel Robert,39001787,P,4000,MIL@PHI 05/31/2025 04:05PM ET,PHI,0.55
SS,Jeremy Pena (39001009),Jeremy Pena,39001009,SS,4000,TB@HOU 05/31/2025 04:10PM ET,HOU,8.21
SP,Joe Rock (39001566),Joe Rock,39001566,P,4000,TB@HOU 05/31/2025 04:10PM ET,TB,0
RP,Jake Brentz (39001570),Jake Brentz,39001570,P,4000,TB@HOU 05/31/2025 04:10PM ET,TB,0
RP,Nate Lavender (39001575),Nate Lavender,39001575,P,4000,TB@HOU 05/31/2025 04:10PM ET,TB,0
SP,Yoniel Curet (39001583),Yoniel Curet,39001583,P,4000,TB@HOU 05/31/2025 04:10PM ET,TB,0
RP,Garrett Cleavinger (39001605),Garrett Cleavinger,39001605,P,4000,TB@HOU 05/31/2025 04:10PM ET,TB,3.45
RP,Kaleb Ort (39001608),Kaleb Ort,39001608,P,4000,TB@HOU 05/31/2025 04:10PM ET,HOU,2.94
RP,Bryan King (39001609),Bryan King,39001609,P,4000,TB@HOU 05/31/2025 04:10PM ET,HOU,3.22
RP,Cole Sulser (39001610),Cole Sulser,39001610,P,4000,TB@HOU 05/31/2025 04:10PM ET,TB,3.13
RP,Nick Hernandez (39001611),Nick Hernandez,39001611,P,4000,TB@HOU 05/31/2025 04:10PM ET,HOU,0
RP,Logan VanWey (39001615),Logan VanWey,39001615,P,4000,TB@HOU 05/31/2025 04:10PM ET,HOU,0.87
RP,Mason Montgomery (39001617),Mason Montgomery,39001617,P,4000,TB@HOU 05/31/2025 04:10PM ET,TB,2.16
RP,Pete Fairbanks (39001625),Pete Fairbanks,39001625,P,4000,TB@HOU 05/31/2025 04:10PM ET,TB,3.45
RP,Steven Okert (39001626),Steven Okert,39001626,P,4000,TB@HOU 05/31/2025 04:10PM ET,HOU,4.64
RP,Bryan Abreu (39001629),Bryan Abreu,39001629,P,4000,TB@HOU 05/31/2025 04:10PM ET,HOU,3.72
RP,Bennett Sousa (39001654),Bennett Sousa,39001654,P,4000,TB@HOU 05/31/2025 04:10PM ET,HOU,4.43
RP,Eric Orze (39001672),Eric Orze,39001672,P,4000,TB@HOU 05/31/2025 04:10PM ET,TB,3.84
SP,Connor Seabold (39001694),Connor Seabold,39001694,P,4000,TB@HOU 05/31/2025 04:10PM ET,TB,3.02
RP,Manuel Rodriguez (39001707),Manuel Rodriguez,39001707,P,4000,TB@HOU 05/31/2025 04:10PM ET,TB,2.80
RP,Edwin Uceta (39001735),Edwin Uceta,39001735,P,4000,TB@HOU 05/31/2025 04:10PM ET,TB,2.30
RP,Josh Hader (39001745),Josh Hader,39001745,P,4000,TB@HOU 05/31/2025 04:10PM ET,HOU,4.91
RP,Kevin Kelly (39001747),Kevin Kelly,39001747,P,4000,TB@HOU 05/31/2025 04:10PM ET,TB,1.91
RP,Hunter Bigge (39001752),Hunter Bigge,39001752,P,4000,TB@HOU 05/31/2025 04:10PM ET,TB,3.04
RP,Luis Contreras (39001761),Luis Contreras,39001761,P,4000,TB@HOU 05/31/2025 04:10PM ET,HOU,1.72
RP,Tayler Scott (39001763),Tayler Scott,39001763,P,4000,TB@HOU 05/31/2025 04:10PM ET,HOU,2.12
RP,Nick Robertson (39001773),Nick Robertson,39001773,P,4000,TB@HOU 05/31/2025 04:10PM ET,HOU,0
OF,Javier Baez (39001011),Javier Baez,39001011,OF,4000,DET@KC 05/31/2025 04:10PM ET,DET,6.79
3B/OF,Matt Vierling (39001216),Matt Vierling,39001216,3B/OF,4000,DET@KC 05/31/2025 04:10PM ET,DET,2.5
SP,Luinder Avila (39001576),Luinder Avila,39001576,P,4000,DET@KC 05/31/2025 04:10PM ET,KC,0
RP,Tyler Mattison (39001577),Tyler Mattison,39001577,P,4000,DET@KC 05/31/2025 04:10PM ET,DET,0
RP,Andrew Hoffmann (39001582),Andrew Hoffmann,39001582,P,4000,DET@KC 05/31/2025 04:10PM ET,KC,6.7
RP,Eric Cerantola (39001585),Eric Cerantola,39001585,P,4000,DET@KC 05/31/2025 04:10PM ET,KC,0
RP,Tyler Holton (39001599),Tyler Holton,39001599,P,4000,DET@KC 05/31/2025 04:10PM ET,DET,3.03
RP,Bailey Horn (39001623),Bailey Horn,39001623,P,4000,DET@KC 05/31/2025 04:10PM ET,DET,6.4
RP,Chase Lee (39001624),Chase Lee,39001624,P,4000,DET@KC 05/31/2025 04:10PM ET,DET,4.71
RP,Sean Guenther (39001638),Sean Guenther,39001638,P,4000,DET@KC 05/31/2025 04:10PM ET,DET,2.03
RP,Evan Sisk (39001642),Evan Sisk,39001642,P,4000,DET@KC 05/31/2025 04:10PM ET,KC,5.2
RP,Taylor Clarke (39001655),Taylor Clarke,39001655,P,4000,DET@KC 05/31/2025 04:10PM ET,KC,4.89
RP,Tommy Kahnle (39001661),Tommy Kahnle,39001661,P,4000,DET@KC 05/31/2025 04:10PM ET,DET,3.54
RP,Tyler Owens (39001670),Tyler Owens,39001670,P,4000,DET@KC 05/31/2025 04:10PM ET,DET,2.95
RP,Brenan Hanifee (39001679),Brenan Hanifee,39001679,P,4000,DET@KC 05/31/2025 04:10PM ET,DET,2.63
RP,Carlos Estevez (39001682),Carlos Estevez,39001682,P,4000,DET@KC 05/31/2025 04:10PM ET,KC,3.56
RP,Hunter Harvey (39001699),Hunter Harvey,39001699,P,4000,DET@KC 05/31/2025 04:10PM ET,KC,4.23
RP,John Schreiber (39001719),John Schreiber,39001719,P,4000,DET@KC 05/31/2025 04:10PM ET,KC,2.52
RP,Jason Foley (39001726),Jason Foley,39001726,P,4000,DET@KC 05/31/2025 04:10PM ET,DET,0
RP,Will Vest (39001727),Will Vest,39001727,P,4000,DET@KC 05/31/2025 04:10PM ET,DET,4.21
RP,Steven Cruz (39001733),Steven Cruz,39001733,P,4000,DET@KC 05/31/2025 04:10PM ET,KC,2.76
RP,Lucas Erceg (39001760),Lucas Erceg,39001760,P,4000,DET@KC 05/31/2025 04:10PM ET,KC,2.91
RP,Alex Lange (39001781),Alex Lange,39001781,P,4000,DET@KC 05/31/2025 04:10PM ET,DET,0
RP,Beau Brieske (39001790),Beau Brieske,39001790,P,4000,DET@KC 05/31/2025 04:10PM ET,DET,2.18
SP,Carson Seymour (39001589),Carson Seymour,39001589,P,4000,SF@MIA 05/31/2025 04:10PM ET,SF,0
RP,George Soriano (39001627),George Soriano,39001627,P,4000,SF@MIA 05/31/2025 04:10PM ET,MIA,2.62
RP,Luarbert Arias (39001658),Luarbert Arias,39001658,P,4000,SF@MIA 05/31/2025 04:10PM ET,MIA,0.63
RP,Randy Rodriguez (39001665),Randy Rodriguez,39001665,P,4000,SF@MIA 05/31/2025 04:10PM ET,SF,5.45
RP,Cade Gibson (39001681),Cade Gibson,39001681,P,4000,SF@MIA 05/31/2025 04:10PM ET,MIA,4.09
RP,Ronny Henriquez (39001689),Ronny Henriquez,39001689,P,4000,SF@MIA 05/31/2025 04:10PM ET,MIA,4.75
RP,Sean Hjelle (39001702),Sean Hjelle,39001702,P,4000,SF@MIA 05/31/2025 04:10PM ET,SF,0
RP,Lake Bachar (39001703),Lake Bachar,39001703,P,4000,SF@MIA 05/31/2025 04:10PM ET,MIA,3.59
RP,Erik Miller (39001713),Erik Miller,39001713,P,4000,SF@MIA 05/31/2025 04:10PM ET,SF,2.43
RP,Tyler Rogers (39001717),Tyler Rogers,39001717,P,4000,SF@MIA 05/31/2025 04:10PM ET,SF,3.54
RP,Jesus Tinoco (39001720),Jesus Tinoco,39001720,P,4000,SF@MIA 05/31/2025 04:10PM ET,MIA,1.7
RP,Ryan Walker (39001725),Ryan Walker,39001725,P,4000,SF@MIA 05/31/2025 04:10PM ET,SF,2.08
RP,Andrew Nardi (39001728),Andrew Nardi,39001728,P,4000,SF@MIA 05/31/2025 04:10PM ET,MIA,0
RP,Trevor McDonald (39001734),Trevor McDonald,39001734,P,4000,SF@MIA 05/31/2025 04:10PM ET,SF,0
RP,Camilo Doval (39001748),Camilo Doval,39001748,P,4000,SF@MIA 05/31/2025 04:10PM ET,SF,3.62
RP,Declan Cronin (39001775),Declan Cronin,39001775,P,4000,SF@MIA 05/31/2025 04:10PM ET,MIA,0
RP,Anthony Bender (39001776),Anthony Bender,39001776,P,4000,SF@MIA 05/31/2025 04:10PM ET,MIA,2.93
OF,Adolis Garcia (39001017),Adolis Garcia,39001017,OF,3900,STL@TEX 05/31/2025 04:05PM ET,TEX,5.95
1B,Jake Burger (39001019),Jake Burger,39001019,1B,3900,STL@TEX 05/31/2025 04:05PM ET,TEX,5.74
OF,Jordan Beck (39001018),Jordan Beck,39001018,OF,3900,COL@NYM 05/31/2025 04:10PM ET,COL,8.02
SS,Willy Adames (39001016),Willy Adames,39001016,SS,3900,SF@MIA 05/31/2025 04:10PM ET,SF,6.54
OF,Rob Refsnyder (39001025),Rob Refsnyder,39001025,OF,3800,BOS@ATL 05/31/2025 04:10PM ET,BOS,6.95
1B/OF,Alec Burleson (39001021),Alec Burleson,39001021,1B/OF,3800,STL@TEX 05/31/2025 04:05PM ET,STL,5.53
OF,Evan Carter (39001219),Evan Carter,39001219,OF,3800,STL@TEX 05/31/2025 04:05PM ET,TEX,5.82
OF,Brandon Nimmo (39001029),Brandon Nimmo,39001029,OF,3800,COL@NYM 05/31/2025 04:10PM ET,NYM,6.55
OF,Jake Bauers (39001026),Jake Bauers,39001026,OF,3800,MIL@PHI 05/31/2025 04:05PM ET,MIL,5.33
C,J.T. Realmuto (39001028),J.T. Realmuto,39001028,C,3800,MIL@PHI 05/31/2025 04:05PM ET,PHI,6.60
OF/SS,Jose Caballero (39001023),Jose Caballero,39001023,SS/OF,3800,TB@HOU 05/31/2025 04:10PM ET,TB,7.20
C,Dillon Dingler (39001020),Dillon Dingler,39001020,C,3800,DET@KC 05/31/2025 04:10PM ET,DET,6.79
OF,Parker Meadows (39001218),Parker Meadows,39001218,OF,3800,DET@KC 05/31/2025 04:10PM ET,DET,0
3B,Connor Norby (39001027),Connor Norby,39001027,3B,3800,SF@MIA 05/31/2025 04:10PM ET,MIA,7.17
OF,Alex Verdugo (39001032),Alex Verdugo,39001032,OF,3700,BOS@ATL 05/31/2025 04:10PM ET,ATL,5.91
OF,Jurickson Profar (39001220),Jurickson Profar,39001220,OF,3700,BOS@ATL 05/31/2025 04:10PM ET,ATL,3.75
OF,Victor Scott II (39001030),Victor Scott II,39001030,OF,3700,STL@TEX 05/31/2025 04:05PM ET,STL,7.28
OF,Sal Frelick (39001037),Sal Frelick,39001037,OF,3700,MIL@PHI 05/31/2025 04:05PM ET,MIL,7.16
3B,Alec Bohm (39001038),Alec Bohm,39001038,3B,3700,MIL@PHI 05/31/2025 04:05PM ET,PHI,6.15
OF,Jake Meyers (39001033),Jake Meyers,39001033,OF,3700,TB@HOU 05/31/2025 04:10PM ET,HOU,6.30
SS,Ha-Seong Kim (39001221),Ha-Seong Kim,39001221,SS,3700,TB@HOU 05/31/2025 04:10PM ET,TB,0
3B,Zach McKinstry (39001031),Zach McKinstry,39001031,3B,3700,DET@KC 05/31/2025 04:10PM ET,DET,6.92
C,Salvador Perez (39001034),Salvador Perez,39001034,C,3700,DET@KC 05/31/2025 04:10PM ET,KC,5.54
1B/OF,Eric Wagaman (39001035),Eric Wagaman,39001035,1B/OF,3700,SF@MIA 05/31/2025 04:10PM ET,MIA,6.18
OF,Michael Harris II (39001042),Michael Harris II,39001042,OF,3600,BOS@ATL 05/31/2025 04:10PM ET,ATL,6.27
C,Carlos Narvaez (39001043),Carlos Narvaez,39001043,C,3600,BOS@ATL 05/31/2025 04:10PM ET,BOS,6.84
1B,Carlos Santana (39001044),Carlos Santana,39001044,1B,3600,LAA@CLE 05/31/2025 04:10PM ET,CLE,7.31
2B/3B,Edmundo Sosa (39001039),Edmundo Sosa,39001039,2B/3B,3600,MIL@PHI 05/31/2025 04:05PM ET,PHI,5.07
OF,Nelson Velazquez (39001222),Nelson Velazquez,39001222,OF,3600,DET@KC 05/31/2025 04:10PM ET,KC,0
OF,Jesus Sanchez (39001041),Jesus Sanchez,39001041,OF,3600,SF@MIA 05/31/2025 04:10PM ET,MIA,7.11
2B,Tyler Fitzgerald (39001045),Tyler Fitzgerald,39001045,2B,3600,SF@MIA 05/31/2025 04:10PM ET,SF,6.42
SS,Chase Meidroth (39001046),Chase Meidroth,39001046,SS,3500,CWS@BAL 05/31/2025 04:05PM ET,CWS,6.85
OF,Sam Haggerty (39001051),Sam Haggerty,39001051,OF,3500,STL@TEX 05/31/2025 04:05PM ET,TEX,6.94
2B,Daniel Schneemann (39001048),Daniel Schneemann,39001048,2B,3500,LAA@CLE 05/31/2025 04:10PM ET,CLE,5.62
1B,Nolan Schanuel (39001050),Nolan Schanuel,39001050,1B,3500,LAA@CLE 05/31/2025 04:10PM ET,LAA,6.43
3B,Ryan McMahon (39001053),Ryan McMahon,39001053,3B,3500,COL@NYM 05/31/2025 04:10PM ET,COL,6.07
OF,Max Kepler (39001052),Max Kepler,39001052,OF,3500,MIL@PHI 05/31/2025 04:05PM ET,PHI,6.04
OF,Christopher Morel (39001047),Christopher Morel,39001047,OF,3500,TB@HOU 05/31/2025 04:10PM ET,TB,4.80
C,Yainer Diaz (39001049),Yainer Diaz,39001049,C,3500,TB@HOU 05/31/2025 04:10PM ET,HOU,6.18
2B/OF,Richie Palacios (39001223),Richie Palacios,39001223,2B/OF,3500,TB@HOU 05/31/2025 04:10PM ET,TB,18
OF,Eli White (39001055),Eli White,39001055,OF,3400,BOS@ATL 05/31/2025 04:10PM ET,ATL,5.44
2B/OF,Kristian Campbell (39001060),Kristian Campbell,39001060,2B/OF,3400,BOS@ATL 05/31/2025 04:10PM ET,BOS,6.18
SS,Trevor Story (39001064),Trevor Story,39001064,SS,3400,BOS@ATL 05/31/2025 04:10PM ET,BOS,6.53
1B,Romy Gonzalez (39001226),Romy Gonzalez,39001226,1B,3400,BOS@ATL 05/31/2025 04:10PM ET,BOS,6.88
1B,Ryan Mountcastle (39001054),Ryan Mountcastle,39001054,1B,3400,CWS@BAL 05/31/2025 04:05PM ET,BAL,5.36
1B/3B,Miguel Vargas (39001057),Miguel Vargas,39001057,1B/3B,3400,CWS@BAL 05/31/2025 04:05PM ET,CWS,7.18
C,Jonah Heim (39001065),Jonah Heim,39001065,C,3400,STL@TEX 05/31/2025 04:05PM ET,TEX,5.5
OF,Jorge Soler (39001059),Jorge Soler,39001059,OF,3400,LAA@CLE 05/31/2025 04:10PM ET,LAA,6.42
OF,Lane Thomas (39001063),Lane Thomas,39001063,OF,3400,LAA@CLE 05/31/2025 04:10PM ET,CLE,2.71
3B,Anthony Rendon (39001225),Anthony Rendon,39001225,3B,3400,LAA@CLE 05/31/2025 04:10PM ET,LAA,0
SS,Ezequiel Tovar (39001066),Ezequiel Tovar,39001066,SS,3400,COL@NYM 05/31/2025 04:10PM ET,COL,6.66
C,Eric Haase (39001056),Eric Haase,39001056,C,3400,MIL@PHI 05/31/2025 04:05PM ET,MIL,4
C,Rafael Marchan (39001067),Rafael Marchan,39001067,C,3400,MIL@PHI 05/31/2025 04:05PM ET,PHI,4.31
1B,Vinnie Pasquantino (39001062),Vinnie Pasquantino,39001062,1B,3400,DET@KC 05/31/2025 04:10PM ET,KC,6.68
OF,Andrew Benintendi (39001069),Andrew Benintendi,39001069,OF,3300,CWS@BAL 05/31/2025 04:05PM ET,CWS,7.39
OF,Ramon Laureano (39001227),Ramon Laureano,39001227,OF,3300,CWS@BAL 05/31/2025 04:05PM ET,BAL,5.69
OF,Nick Gordon (39001228),Nick Gordon,39001228,OF,3300,CWS@BAL 05/31/2025 04:05PM ET,BAL,0
2B/OF,Jeff McNeil (39001070),Jeff McNeil,39001070,2B/OF,3300,COL@NYM 05/31/2025 04:10PM ET,NYM,5.67
3B,Mark Vientos (39001073),Mark Vientos,39001073,3B,3300,COL@NYM 05/31/2025 04:10PM ET,NYM,6.10
OF,Brenton Doyle (39001074),Brenton Doyle,39001074,OF,3300,COL@NYM 05/31/2025 04:10PM ET,COL,6.53
3B,Andy Ibanez (39001068),Andy Ibanez,39001068,3B,3300,DET@KC 05/31/2025 04:10PM ET,DET,3.98
2B,Jonathan India (39001072),Jonathan India,39001072,2B,3300,DET@KC 05/31/2025 04:10PM ET,KC,5.65
OF,Dane Myers (39001229),Dane Myers,39001229,OF,3300,SF@MIA 05/31/2025 04:10PM ET,MIA,6.93
OF,Derek Hill (39001230),Derek Hill,39001230,OF,3300,SF@MIA 05/31/2025 04:10PM ET,MIA,6.48
3B,Ramon Urias (39001077),Ramon Urias,39001077,3B,3200,CWS@BAL 05/31/2025 04:05PM ET,BAL,5.78
2B/3B,Nolan Gorman (39001075),Nolan Gorman,39001075,2B/3B,3200,STL@TEX 05/31/2025 04:05PM ET,STL,4.41
2B,Marcus Semien (39001083),Marcus Semien,39001083,2B,3200,STL@TEX 05/31/2025 04:05PM ET,TEX,5.02
C,Bo Naylor (39001080),Bo Naylor,39001080,C,3200,LAA@CLE 05/31/2025 04:10PM ET,CLE,5.88
2B,Luisangel Acuna (39001079),Luisangel Acuna,39001079,2B,3200,COL@NYM 05/31/2025 04:10PM ET,NYM,4.90
2B/OF,Tyler Freeman (39001081),Tyler Freeman,39001081,2B/OF,3200,COL@NYM 05/31/2025 04:10PM ET,COL,3.94
OF,Kameron Misner (39001078),Kameron Misner,39001078,OF,3200,TB@HOU 05/31/2025 04:10PM ET,TB,5.79
OF,Jonny DeLuca (39001232),Jonny DeLuca,39001232,OF,3200,TB@HOU 05/31/2025 04:10PM ET,TB,7.67
OF,Jerar Encarnacion (39001231),Jerar Encarnacion,39001231,OF,3200,SF@MIA 05/31/2025 04:10PM ET,SF,0
OF,Mike Tauchman (39001086),Mike Tauchman,39001086,OF,3100,CWS@BAL 05/31/2025 04:05PM ET,CWS,8.6
OF/SS,Jose Barrero (39001084),Jose Barrero,39001084,SS/OF,3100,STL@TEX 05/31/2025 04:05PM ET,STL,2.46
2B/OF,Angel Martinez (39001087),Angel Martinez,39001087,2B/OF,3100,LAA@CLE 05/31/2025 04:10PM ET,CLE,6.19
1B/C,David Fry (39001233),David Fry,39001233,C/1B,3100,LAA@CLE 05/31/2025 04:10PM ET,CLE,0
2B/3B,Brett Baty (39001089),Brett Baty,39001089,2B/3B,3100,COL@NYM 05/31/2025 04:10PM ET,NYM,5.72
3B,Marcelo Mayer (39001095),Marcelo Mayer,39001095,3B,3000,BOS@ATL 05/31/2025 04:10PM ET,BOS,3.83
1B,Tim Elko (39001235),Tim Elko,39001235,1B,3000,CWS@BAL 05/31/2025 04:05PM ET,CWS,5.6
SS,Gabriel Arias (39001091),Gabriel Arias,39001091,SS,3000,LAA@CLE 05/31/2025 04:10PM ET,CLE,5.77
OF,Jo Adell (39001094),Jo Adell,39001094,OF,3000,LAA@CLE 05/31/2025 04:10PM ET,LAA,5.06
OF,Kyren Paris (39001236),Kyren Paris,39001236,OF,3000,LAA@CLE 05/31/2025 04:10PM ET,LAA,5.81
C,Francisco Alvarez (39001096),Francisco Alvarez,39001096,C,3000,COL@NYM 05/31/2025 04:10PM ET,NYM,4.83
1B,Michael Toglia (39001097),Michael Toglia,39001097,1B,3000,COL@NYM 05/31/2025 04:10PM ET,COL,5.35
OF,Brandon Marsh (39001098),Brandon Marsh,39001098,OF,3000,MIL@PHI 05/31/2025 04:05PM ET,PHI,4.24
OF,Drew Waters (39001093),Drew Waters,39001093,OF,3000,DET@KC 05/31/2025 04:10PM ET,KC,5.90
C,Liam Hicks (39001092),Liam Hicks,39001092,C,3000,SF@MIA 05/31/2025 04:10PM ET,MIA,6.06
C/OF,Heriberto Hernandez (39009231),Heriberto Hernandez,39009231,C/OF,3000,SF@MIA 05/31/2025 04:10PM ET,MIA,2
OF,Ceddanne Rafaela (39001108),Ceddanne Rafaela,39001108,OF,2900,BOS@ATL 05/31/2025 04:10PM ET,BOS,6.35
OF,Masataka Yoshida (39001237),Masataka Yoshida,39001237,OF,2900,BOS@ATL 05/31/2025 04:10PM ET,BOS,0
1B,Garrett Cooper (39001238),Garrett Cooper,39001238,1B,2900,BOS@ATL 05/31/2025 04:10PM ET,ATL,0
C,Edgar Quero (39001107),Edgar Quero,39001107,C,2900,CWS@BAL 05/31/2025 04:05PM ET,CWS,4.65
C,Pedro Pages (39001100),Pedro Pages,39001100,C,2900,STL@TEX 05/31/2025 04:05PM ET,STL,5.17
2B/SS,Thomas Saggese (39001240),Thomas Saggese,39001240,2B/SS,2900,STL@TEX 05/31/2025 04:05PM ET,STL,5.93
OF,Matthew Lugo (39001102),Matthew Lugo,39001102,OF,2900,LAA@CLE 05/31/2025 04:10PM ET,LAA,5.4
OF,Mickey Moniak (39001109),Mickey Moniak,39001109,OF,2900,COL@NYM 05/31/2025 04:10PM ET,COL,4.74
OF,Jesse Winker (39001242),Jesse Winker,39001242,OF,2900,COL@NYM 05/31/2025 04:10PM ET,NYM,5.58
OF,Blake Perkins (39001239),Blake Perkins,39001239,OF,2900,MIL@PHI 05/31/2025 04:05PM ET,MIL,0
OF,Zach Dezenzo (39001101),Zach Dezenzo,39001101,OF,2900,TB@HOU 05/31/2025 04:10PM ET,HOU,5.27
OF,Cam Smith (39001106),Cam Smith,39001106,OF,2900,TB@HOU 05/31/2025 04:10PM ET,HOU,6.25
SS,Trey Sweeney (39001099),Trey Sweeney,39001099,SS,2900,DET@KC 05/31/2025 04:10PM ET,DET,5.36
3B/OF,Nick Loftin (39001103),Nick Loftin,39001103,3B/OF,2900,DET@KC 05/31/2025 04:10PM ET,KC,6.33
1B,Matt Mervis (39001105),Matt Mervis,39001105,1B,2900,SF@MIA 05/31/2025 04:10PM ET,MIA,4.86
2B/SS,David Hamilton (39001121),David Hamilton,39001121,2B/SS,2800,BOS@ATL 05/31/2025 04:10PM ET,BOS,4.41
OF,Michael A. Taylor (39001119),Michael A. Taylor,39001119,OF,2800,CWS@BAL 05/31/2025 04:05PM ET,CWS,3.82
OF,Jordan Walker (39001110),Jordan Walker,39001110,OF,2800,STL@TEX 05/31/2025 04:05PM ET,STL,5.51
C,Kyle Higashioka (39001125),Kyle Higashioka,39001125,C,2800,STL@TEX 05/31/2025 04:05PM ET,TEX,4.39
2B,Luis Rengifo (39001120),Luis Rengifo,39001120,2B,2800,LAA@CLE 05/31/2025 04:10PM ET,LAA,4.04
OF,Johan Rojas (39001114),Johan Rojas,39001114,OF,2800,MIL@PHI 05/31/2025 04:05PM ET,PHI,4.68
3B,Caleb Durbin (39001118),Caleb Durbin,39001118,3B,2800,MIL@PHI 05/31/2025 04:05PM ET,MIL,5.69
OF,Garrett Mitchell (39001243),Garrett Mitchell,39001243,OF,2800,MIL@PHI 05/31/2025 04:05PM ET,MIL,4.4
SS,Taylor Walls (39001111),Taylor Walls,39001111,SS,2800,TB@HOU 05/31/2025 04:10PM ET,TB,4.20
C,Victor Caratini (39001117),Victor Caratini,39001117,C,2800,TB@HOU 05/31/2025 04:10PM ET,HOU,5.23
1B/2B,Colt Keith (39001112),Colt Keith,39001112,1B/2B,2800,DET@KC 05/31/2025 04:10PM ET,DET,5.55
OF,Kyle Isbel (39001115),Kyle Isbel,39001115,OF,2800,DET@KC 05/31/2025 04:10PM ET,KC,4.43
OF,Luis Matos (39001116),Luis Matos,39001116,OF,2800,SF@MIA 05/31/2025 04:10PM ET,SF,4
2B/SS,Javier Sanoja (39001123),Javier Sanoja,39001123,2B/SS,2800,SF@MIA 05/31/2025 04:10PM ET,MIA,4.54
C,Tom Murphy (39001244),Tom Murphy,39001244,C,2800,SF@MIA 05/31/2025 04:10PM ET,SF,0
1B,Abraham Toro (39001130),Abraham Toro,39001130,1B,2700,BOS@ATL 05/31/2025 04:10PM ET,BOS,6.12
1B/2B,Lenyn Sosa (39001127),Lenyn Sosa,39001127,1B/2B,2700,CWS@BAL 05/31/2025 04:05PM ET,CWS,5.35
OF,Alejandro Osuna (39001133),Alejandro Osuna,39001133,OF,2700,STL@TEX 05/31/2025 04:05PM ET,TEX,3.4
OF,Starling Marte (39001129),Starling Marte,39001129,OF,2700,COL@NYM 05/31/2025 04:10PM ET,NYM,5.05
1B/SS,Kyle Farmer (39001131),Kyle Farmer,39001131,1B/SS,2700,COL@NYM 05/31/2025 04:10PM ET,COL,4.46
C,Matt Thaiss (39001126),Matt Thaiss,39001126,C,2700,TB@HOU 05/31/2025 04:10PM ET,TB,4.58
2B,Nacho Alvarez Jr. (39001245),Nacho Alvarez Jr.,39001245,2B,2600,BOS@ATL 05/31/2025 04:10PM ET,ATL,0
OF,Joshua Palacios (39001137),Joshua Palacios,39001137,OF,2600,CWS@BAL 05/31/2025 04:05PM ET,CWS,3.98
3B/OF,Kris Bryant (39001246),Kris Bryant,39001246,3B/OF,2600,COL@NYM 05/31/2025 04:10PM ET,COL,2.91
OF,Isaac Collins (39001135),Isaac Collins,39001135,OF,2600,MIL@PHI 05/31/2025 04:05PM ET,MIL,4.35
OF,Dairon Blanco (39001134),Dairon Blanco,39001134,OF,2600,DET@KC 05/31/2025 04:10PM ET,KC,3.71
OF,Wenceel Perez (39001136),Wenceel Perez,39001136,OF,2600,DET@KC 05/31/2025 04:10PM ET,DET,10.33
OF,Akil Baddoo (39001248),Akil Baddoo,39001248,OF,2600,DET@KC 05/31/2025 04:10PM ET,DET,2.43
1B/3B,Emmanuel Rivera (39001138),Emmanuel Rivera,39001138,1B/3B,2500,CWS@BAL 05/31/2025 04:05PM ET,BAL,3.32
2B/OF,Jorge Mateo (39001143),Jorge Mateo,39001143,2B/OF,2500,CWS@BAL 05/31/2025 04:05PM ET,BAL,4.07
1B,Andrew Vaughn (39001249),Andrew Vaughn,39001249,1B,2500,CWS@BAL 05/31/2025 04:05PM ET,CWS,4.71
C,Gary Sanchez (39001250),Gary Sanchez,39001250,C,2500,CWS@BAL 05/31/2025 04:05PM ET,BAL,2.08
1B,Joey Gallo (39001255),Joey Gallo,39001255,1B,2500,CWS@BAL 05/31/2025 04:05PM ET,CWS,0
C,Luis Torrens (39001142),Luis Torrens,39001142,C,2500,COL@NYM 05/31/2025 04:10PM ET,NYM,4.91
OF,Jose Azocar (39001251),Jose Azocar,39001251,OF,2500,COL@NYM 05/31/2025 04:10PM ET,NYM,3
OF,Sean Bouchard (39001252),Sean Bouchard,39001252,OF,2500,COL@NYM 05/31/2025 04:10PM ET,COL,2.97
OF,Sam Hilliard (39007559),Sam Hilliard,39007559,OF,2500,COL@NYM 05/31/2025 04:10PM ET,COL,14
C,Danny Jansen (39001141),Danny Jansen,39001141,C,2500,TB@HOU 05/31/2025 04:10PM ET,TB,4.87
2B,Coco Montes (39001253),Coco Montes,39001253,2B,2500,TB@HOU 05/31/2025 04:10PM ET,TB,1.6
OF,Justyn-Henry Malloy (39001140),Justyn-Henry Malloy,39001140,OF,2500,DET@KC 05/31/2025 04:10PM ET,DET,3.89
OF,Mark Canha (39001145),Mark Canha,39001145,OF,2500,DET@KC 05/31/2025 04:10PM ET,KC,3.41
1B,Casey Schmitt (39001146),Casey Schmitt,39001146,1B,2500,SF@MIA 05/31/2025 04:10PM ET,SF,3.46
OF,Griffin Conine (39001254),Griffin Conine,39001254,OF,2500,SF@MIA 05/31/2025 04:10PM ET,MIA,6.15
OF,Stuart Fairchild (39001148),Stuart Fairchild,39001148,OF,2400,BOS@ATL 05/31/2025 04:10PM ET,ATL,2.81
OF,Heston Kjerstad (39001147),Heston Kjerstad,39001147,OF,2400,CWS@BAL 05/31/2025 04:05PM ET,BAL,4.19
1B/3B,Brandon Drury (39001259),Brandon Drury,39001259,1B/3B,2400,CWS@BAL 05/31/2025 04:05PM ET,CWS,0
1B,Luken Baker (39001256),Luken Baker,39001256,1B,2400,STL@TEX 05/31/2025 04:05PM ET,STL,2.84
OF,Dustin Harris (39001257),Dustin Harris,39001257,OF,2400,STL@TEX 05/31/2025 04:05PM ET,TEX,3.31
C,Travis d'Arnaud (39001153),Travis d'Arnaud,39001153,C,2400,LAA@CLE 05/31/2025 04:10PM ET,LAA,3.72
OF,Tyrone Taylor (39001152),Tyrone Taylor,39001152,OF,2400,COL@NYM 05/31/2025 04:10PM ET,NYM,4.8
OF,Nick Martini (39001158),Nick Martini,39001158,OF,2400,COL@NYM 05/31/2025 04:10PM ET,COL,2.98
OF,Weston Wilson (39001154),Weston Wilson,39001154,OF,2400,MIL@PHI 05/31/2025 04:05PM ET,PHI,3.14
1B,Tyler Black (39001258),Tyler Black,39001258,1B,2400,MIL@PHI 05/31/2025 04:05PM ET,MIL,0
2B,Brendan Rodgers (39001149),Brendan Rodgers,39001149,2B,2400,TB@HOU 05/31/2025 04:10PM ET,HOU,3.77
1B/2B,Curtis Mead (39001155),Curtis Mead,39001155,1B/2B,2400,TB@HOU 05/31/2025 04:10PM ET,TB,3.88
C,Logan Driscoll (39001261),Logan Driscoll,39001261,C,2400,TB@HOU 05/31/2025 04:10PM ET,TB,0
2B/OF,Michael Massey (39001150),Michael Massey,39001150,2B/OF,2400,DET@KC 05/31/2025 04:10PM ET,KC,3.96
C,Nick Fortes (39001157),Nick Fortes,39001157,C,2400,SF@MIA 05/31/2025 04:10PM ET,MIA,2.96
3B/SS,Jack Winkler (39009233),Jack Winkler,39009233,3B/SS,2400,SF@MIA 05/31/2025 04:10PM ET,MIA,0
SS,Nick Allen (39001161),Nick Allen,39001161,SS,2300,BOS@ATL 05/31/2025 04:10PM ET,ATL,4.5
OF,Dylan Carlson (39001159),Dylan Carlson,39001159,OF,2300,CWS@BAL 05/31/2025 04:05PM ET,BAL,3.9
OF,Austin Slater (39001163),Austin Slater,39001163,OF,2300,CWS@BAL 05/31/2025 04:05PM ET,CWS,4.5
1B/3B,Coby Mayo (39001263),Coby Mayo,39001263,1B/3B,2300,CWS@BAL 05/31/2025 04:05PM ET,BAL,1.25
OF,Brooks Baldwin (39001265),Brooks Baldwin,39001265,OF,2300,CWS@BAL 05/31/2025 04:05PM ET,CWS,4.34
OF,Jhonkensy Noel (39001166),Jhonkensy Noel,39001166,OF,2300,LAA@CLE 05/31/2025 04:10PM ET,CLE,2.77
SS,Brayan Rocchio (39001262),Brayan Rocchio,39001262,SS,2300,LAA@CLE 05/31/2025 04:10PM ET,CLE,3.17
OF,Gustavo Campero (39001266),Gustavo Campero,39001266,OF,2300,LAA@CLE 05/31/2025 04:10PM ET,LAA,3.4
2B,Adael Amador (39001167),Adael Amador,39001167,2B,2300,COL@NYM 05/31/2025 04:10PM ET,COL,3.03
C,Braxton Fulford (39001267),Braxton Fulford,39001267,C,2300,COL@NYM 05/31/2025 04:10PM ET,COL,3.5
OF,Jose Siri (39001269),Jose Siri,39001269,OF,2300,COL@NYM 05/31/2025 04:10PM ET,NYM,3.5
SS,Joey Ortiz (39001165),Joey Ortiz,39001165,SS,2300,MIL@PHI 05/31/2025 04:05PM ET,MIL,3.96
3B,Oliver Dunn (39001268),Oliver Dunn,39001268,3B,2300,MIL@PHI 05/31/2025 04:05PM ET,MIL,3.64
2B,Mauricio Dubon (39001160),Mauricio Dubon,39001160,2B,2300,TB@HOU 05/31/2025 04:10PM ET,HOU,4.14
3B,Shay Whitcomb (39001270),Shay Whitcomb,39001270,3B,2300,TB@HOU 05/31/2025 04:10PM ET,HOU,0
C,Jake Rogers (39001162),Jake Rogers,39001162,C,2300,DET@KC 05/31/2025 04:10PM ET,DET,3.3
C,Sam Huff (39001164),Sam Huff,39001164,C,2300,SF@MIA 05/31/2025 04:10PM ET,SF,3.95
1B,Nick Sogard (39001170),Nick Sogard,39001170,1B,2200,BOS@ATL 05/31/2025 04:10PM ET,BOS,5
1B,Ryan Noda (39001271),Ryan Noda,39001271,1B,2200,BOS@ATL 05/31/2025 04:10PM ET,BOS,0
2B,Vaughn Grissom (39001273),Vaughn Grissom,39001273,2B,2200,BOS@ATL 05/31/2025 04:10PM ET,BOS,0
C,Korey Lee (39001178),Korey Lee,39001178,C,2200,CWS@BAL 05/31/2025 04:05PM ET,CWS,3.8
C,Yohel Pozo (39001168),Yohel Pozo,39001168,C,2200,STL@TEX 05/31/2025 04:05PM ET,STL,4.94
1B,Blaine Crim (39001275),Blaine Crim,39001275,1B,2200,STL@TEX 05/31/2025 04:05PM ET,TEX,1.2
2B/3B,Jose Fermin (39001277),Jose Fermin,39001277,2B/3B,2200,STL@TEX 05/31/2025 04:05PM ET,STL,0
2B/3B,Kevin Newman (39001171),Kevin Newman,39001171,2B/3B,2200,LAA@CLE 05/31/2025 04:10PM ET,LAA,2.38
OF,Nolan Jones (39001174),Nolan Jones,39001174,OF,2200,LAA@CLE 05/31/2025 04:10PM ET,CLE,3.88
1B,Jared Young (39001173),Jared Young,39001173,1B,2200,COL@NYM 05/31/2025 04:10PM ET,NYM,5
C,Jacob Stallings (39001179),Jacob Stallings,39001179,C,2200,COL@NYM 05/31/2025 04:10PM ET,COL,2.89
C,Drew Romo (39001272),Drew Romo,39001272,C,2200,COL@NYM 05/31/2025 04:10PM ET,COL,0
OF,Chas McCormick (39001169),Chas McCormick,39001169,OF,2200,TB@HOU 05/31/2025 04:10PM ET,HOU,1.94
OF,Travis Jankowski (39001276),Travis Jankowski,39001276,OF,2200,TB@HOU 05/31/2025 04:10PM ET,TB,3.38
OF,Pedro Leon (39001279),Pedro Leon,39001279,OF,2200,TB@HOU 05/31/2025 04:10PM ET,HOU,0
OF,Hunter Renfroe (39001274),Hunter Renfroe,39001274,OF,2200,DET@KC 05/31/2025 04:10PM ET,KC,2.86
2B,Christian Koss (39001175),Christian Koss,39001175,2B,2200,SF@MIA 05/31/2025 04:10PM ET,SF,3.22
OF,Victor Mesa Jr. (39001176),Victor Mesa Jr.,39001176,OF,2200,SF@MIA 05/31/2025 04:10PM ET,MIA,2.75
C,Patrick Bailey (39001177),Patrick Bailey,39001177,C,2200,SF@MIA 05/31/2025 04:10PM ET,SF,3.76
C,Jason Delay (39001281),Jason Delay,39001281,C,2100,BOS@ATL 05/31/2025 04:10PM ET,ATL,0
OF,Jarred Kelenic (39001282),Jarred Kelenic,39001282,OF,2100,BOS@ATL 05/31/2025 04:10PM ET,ATL,3.30
C,Curt Casali (39001283),Curt Casali,39001283,C,2100,BOS@ATL 05/31/2025 04:10PM ET,ATL,0
C,Chadwick Tromp (39001182),Chadwick Tromp,39001182,C,2100,CWS@BAL 05/31/2025 04:05PM ET,BAL,0.5
3B/OF,Josh Rojas (39001188),Josh Rojas,39001188,3B/OF,2100,CWS@BAL 05/31/2025 04:05PM ET,CWS,3.38
3B,Bryan Ramos (39001287),Bryan Ramos,39001287,3B,2100,CWS@BAL 05/31/2025 04:05PM ET,CWS,0
C,Tucker Barnhart (39001187),Tucker Barnhart,39001187,C,2100,STL@TEX 05/31/2025 04:05PM ET,TEX,1.62
C,Austin Hedges (39001180),Austin Hedges,39001180,C,2100,LAA@CLE 05/31/2025 04:10PM ET,CLE,3.52
2B/OF,Chris Taylor (39001185),Chris Taylor,39001185,2B/OF,2100,LAA@CLE 05/31/2025 04:10PM ET,LAA,1.29
OF,Will Brennan (39001288),Will Brennan,39001288,OF,2100,LAA@CLE 05/31/2025 04:10PM ET,CLE,1.17
2B/SS,Andruw Monasterio (39001190),Andruw Monasterio,39001190,2B/SS,2100,MIL@PHI 05/31/2025 04:05PM ET,MIL,2
OF,Cal Stevenson (39001280),Cal Stevenson,39001280,OF,2100,MIL@PHI 05/31/2025 04:05PM ET,PHI,1.6
C,Freddy Fermin (39001183),Freddy Fermin,39001183,C,2100,DET@KC 05/31/2025 04:10PM ET,KC,3.97
3B,Jace Jung (39001284),Jace Jung,39001284,3B,2100,DET@KC 05/31/2025 04:10PM ET,DET,2.94
1B/OF,David Hensley (39001285),David Hensley,39001285,1B/OF,2100,DET@KC 05/31/2025 04:10PM ET,DET,0
2B,Ronny Simon (39001181),Ronny Simon,39001181,2B,2100,SF@MIA 05/31/2025 04:10PM ET,MIA,3.84
1B,LaMonte Wade Jr. (39001184),LaMonte Wade Jr.,39001184,1B,2100,SF@MIA 05/31/2025 04:10PM ET,SF,4.19
2B/3B,Luke Williams (39001193),Luke Williams,39001193,2B/3B,2000,BOS@ATL 05/31/2025 04:10PM ET,ATL,2.6
C,Connor Wong (39001197),Connor Wong,39001197,C,2000,BOS@ATL 05/31/2025 04:10PM ET,BOS,2.23
OF,Jhostynxon Garcia (39001296),Jhostynxon Garcia,39001296,OF,2000,BOS@ATL 05/31/2025 04:10PM ET,BOS,0
OF,Jake Marisnick (39001303),Jake Marisnick,39001303,OF,2000,BOS@ATL 05/31/2025 04:10PM ET,ATL,0
OF,Carlos Rodriguez (39001311),Carlos Rodriguez,39001311,OF,2000,BOS@ATL 05/31/2025 04:10PM ET,ATL,0
1B,Triston Casas (39001315),Triston Casas,39001315,1B,2000,BOS@ATL 05/31/2025 04:10PM ET,BOS,4.79
C,Blake Sabol (39001318),Blake Sabol,39001318,C,2000,BOS@ATL 05/31/2025 04:10PM ET,BOS,2
3B/SS,Jonathan Ornelas (39001343),Jonathan Ornelas,39001343,3B/SS,2000,BOS@ATL 05/31/2025 04:10PM ET,ATL,0.5
3B/SS,Vinny Capra (39001198),Vinny Capra,39001198,3B/SS,2000,CWS@BAL 05/31/2025 04:05PM ET,CWS,1.79
C,Maverick Handley (39001206),Maverick Handley,39001206,C,2000,CWS@BAL 05/31/2025 04:05PM ET,BAL,1.46
1B/3B,Bobby Dalbec (39001289),Bobby Dalbec,39001289,1B/3B,2000,CWS@BAL 05/31/2025 04:05PM ET,CWS,3.71
SS,Colson Montgomery (39001295),Colson Montgomery,39001295,SS,2000,CWS@BAL 05/31/2025 04:05PM ET,CWS,0
3B/SS,Ezequiel Duran (39001202),Ezequiel Duran,39001202,3B/SS,2000,STL@TEX 05/31/2025 04:05PM ET,TEX,1.38
OF,Joc Pederson (39001292),Joc Pederson,39001292,OF,2000,STL@TEX 05/31/2025 04:05PM ET,TEX,3.48
C,Chance Sisco (39001297),Chance Sisco,39001297,C,2000,STL@TEX 05/31/2025 04:05PM ET,STL,0
OF,Cody Thomas (39001313),Cody Thomas,39001313,OF,2000,STL@TEX 05/31/2025 04:05PM ET,TEX,0
OF,Matt Koperniak (39001314),Matt Koperniak,39001314,OF,2000,STL@TEX 05/31/2025 04:05PM ET,STL,0
2B,Justin Foscue (39001329),Justin Foscue,39001329,2B,2000,STL@TEX 05/31/2025 04:05PM ET,TEX,0
SS,Nick Ahmed (39001330),Nick Ahmed,39001330,SS,2000,STL@TEX 05/31/2025 04:05PM ET,TEX,1.8
2B/SS,Michael Helman (39001336),Michael Helman,39001336,2B/SS,2000,STL@TEX 05/31/2025 04:05PM ET,TEX,0
OF,Michael Siani (39001342),Michael Siani,39001342,OF,2000,STL@TEX 05/31/2025 04:05PM ET,STL,1.22
3B,Will Wilson (39001192),Will Wilson,39001192,3B,2000,LAA@CLE 05/31/2025 04:10PM ET,CLE,2.44
OF/SS,Scott Kingery (39001200),Scott Kingery,39001200,SS/OF,2000,LAA@CLE 05/31/2025 04:10PM ET,LAA,9
2B/SS,Juan Brito (39001299),Juan Brito,39001299,2B/SS,2000,LAA@CLE 05/31/2025 04:10PM ET,CLE,0
OF,Petey Halpin (39001307),Petey Halpin,39001307,OF,2000,LAA@CLE 05/31/2025 04:10PM ET,CLE,0
OF,Johnathan Rodriguez (39001333),Johnathan Rodriguez,39001333,OF,2000,LAA@CLE 05/31/2025 04:10PM ET,CLE,0
1B,Niko Kavadas (39001341),Niko Kavadas,39001341,1B,2000,LAA@CLE 05/31/2025 04:10PM ET,LAA,0
SS,Orlando Arcia (39001205),Orlando Arcia,39001205,SS,2000,COL@NYM 05/31/2025 04:10PM ET,COL,2.13
OF,Yanquiel Fernandez (39001294),Yanquiel Fernandez,39001294,OF,2000,COL@NYM 05/31/2025 04:10PM ET,COL,0
SS,Ronny Mauricio (39001301),Ronny Mauricio,39001301,SS,2000,COL@NYM 05/31/2025 04:10PM ET,NYM,0
2B,Thairo Estrada (39001316),Thairo Estrada,39001316,2B,2000,COL@NYM 05/31/2025 04:10PM ET,COL,4
2B/3B,Nick Madrigal (39001320),Nick Madrigal,39001320,2B/3B,2000,COL@NYM 05/31/2025 04:10PM ET,NYM,0
OF,Zac Veen (39001323),Zac Veen,39001323,OF,2000,COL@NYM 05/31/2025 04:10PM ET,COL,3.17
2B/3B,Aaron Schunk (39001324),Aaron Schunk,39001324,2B/3B,2000,COL@NYM 05/31/2025 04:10PM ET,COL,2
C,Hayden Senger (39001331),Hayden Senger,39001331,C,2000,COL@NYM 05/31/2025 04:10PM ET,NYM,1.92
OF,Daz Cameron (39001207),Daz Cameron,39001207,OF,2000,MIL@PHI 05/31/2025 04:05PM ET,MIL,1.5
C,Jeferson Quero (39001302),Jeferson Quero,39001302,C,2000,MIL@PHI 05/31/2025 04:05PM ET,MIL,0
C,Garrett Stubbs (39001319),Garrett Stubbs,39001319,C,2000,MIL@PHI 05/31/2025 04:05PM ET,PHI,0
C,Cesar Salazar (39001204),Cesar Salazar,39001204,C,2000,TB@HOU 05/31/2025 04:10PM ET,HOU,0
OF,Zach Daniels (39001293),Zach Daniels,39001293,OF,2000,TB@HOU 05/31/2025 04:10PM ET,HOU,0
OF,Kenedy Corona (39001304),Kenedy Corona,39001304,OF,2000,TB@HOU 05/31/2025 04:10PM ET,HOU,0
OF,Taylor Trammell (39001339),Taylor Trammell,39001339,OF,2000,TB@HOU 05/31/2025 04:10PM ET,HOU,0
OF,John Rave (39001195),John Rave,39001195,OF,2000,DET@KC 05/31/2025 04:10PM ET,KC,2.25
2B,Tyler Tolbert (39001291),Tyler Tolbert,39001291,2B,2000,DET@KC 05/31/2025 04:10PM ET,KC,2.77
OF,TJ Hopkins (39001312),TJ Hopkins,39001312,OF,2000,DET@KC 05/31/2025 04:10PM ET,DET,0
OF,MJ Melendez (39001317),MJ Melendez,39001317,OF,2000,DET@KC 05/31/2025 04:10PM ET,KC,2.56
OF,Cavan Biggio (39001327),Cavan Biggio,39001327,OF,2000,DET@KC 05/31/2025 04:10PM ET,KC,2.76
OF,Ryan Kreidler (39001328),Ryan Kreidler,39001328,OF,2000,DET@KC 05/31/2025 04:10PM ET,DET,2.35
OF,Joey Wiemer (39001335),Joey Wiemer,39001335,OF,2000,DET@KC 05/31/2025 04:10PM ET,KC,0
OF,Brewer Hicklen (39001338),Brewer Hicklen,39001338,OF,2000,DET@KC 05/31/2025 04:10PM ET,DET,17
OF,Tyler Gentry (39001340),Tyler Gentry,39001340,OF,2000,DET@KC 05/31/2025 04:10PM ET,KC,0
3B,Graham Pauley (39001196),Graham Pauley,39001196,3B,2000,SF@MIA 05/31/2025 04:10PM ET,MIA,3.46
SS,Maximo Acosta (39001298),Maximo Acosta,39001298,SS,2000,SF@MIA 05/31/2025 04:10PM ET,MIA,0
3B/SS,Osleivis Basabe (39001305),Osleivis Basabe,39001305,3B/SS,2000,SF@MIA 05/31/2025 04:10PM ET,SF,0
OF,Wade Meckler (39001308),Wade Meckler,39001308,OF,2000,SF@MIA 05/31/2025 04:10PM ET,SF,0
3B,Deyvison De Los Santos (39001309),Deyvison De Los Santos,39001309,3B,2000,SF@MIA 05/31/2025 04:10PM ET,MIA,0
SS,Jared Serna (39001310),Jared Serna,39001310,SS,2000,SF@MIA 05/31/2025 04:10PM ET,MIA,0
OF,Grant McCray (39001322),Grant McCray,39001322,OF,2000,SF@MIA 05/31/2025 04:10PM ET,SF,0
C,Rob Brantly (39001326),Rob Brantly,39001326,C,2000,SF@MIA 05/31/2025 04:10PM ET,MIA,3.67
2B,Brett Wisely (39001332),Brett Wisely,39001332,2B,2000,SF@MIA 05/31/2025 04:10PM ET,SF,1.2
2B,Marco Luciano (39001334),Marco Luciano,39001334,2B,2000,SF@MIA 05/31/2025 04:10PM ET,SF,0
